Workbook
Name ·······: Equipos!$A$2:$D$33
Name a: Administrador!#REF!
Name cmh: MUNDIAL!$CI$57
Name Nivel: Tabla3[NombreEquipo]
Name Nivell: Equipos!$C$2:$C$25
Name Nivell: Equipos!$C$2:$C$25
Name Nivell: Equipos!$C$2:$C$33
Name NombreEquipo: Equipos!$B$2:$B$33
Name OK: Equipos!$A$2:$A$33
Name Rank: Equipos!$D$2:$D$33

Sheet Inicio
B15: Esta versión es para un máximo de 5 participantes
F19: Foto: De Jcer80 - Trabajo propio, CC BY-SA 3.0, wikipedia
AGD57: {=IF(AND($CC$57:$CC$58=$CC$57,$CC$58<>$CC$59,$CC$59<>$CC$60,$CC$60<>$CC$61,$CC$61:$CC$62=$CC$61,$CE$57:$CE$58=$CE$57,$CE$61:$CE$62=$CE$61,$CF$57:$CF$58=$CF$57,$CF$61<>$CF$62,$CG$57:$CG$58=$CG$57),1,0)} -> 0 | AGE57: {=IF(AND($CC$57:$CC$58=$CC$57,$CC$58<>$CC$59,$CC$59<>$CC$60,$CC$60<>$CC$61,$CC$61:$CC$62=$CC$61,$CE$57:$CE$58=$CE$57,$CE$61:$CE$62=$CE$61,$CF$57<>$CF$58,$CF$61:$CF$62=$CF$61,$CG$61:$CG$62=$CG$61),1,0)} -> 0 | AGF57: {=IF(AND($CC$57:$CC$58=$CC$57,$CC$58<>$CC$59,$CC$59<>$CC$60,$CC$60<>$CC$61,$CC$61:$CC$62=$CC$61,$CE$57:$CE$58=$CE$57,$CE$61:$CE$62=$CE$61,$CF$57<>$CF$58,$CF$61<>$CF$62),1,0)} -> 0
CF58: 5 | AGD58: {=IF(AND($CC$57:$CC$58=$CC$58,$CC$58<>$CC$59,$CC$59<>$CC$60,$CC$60<>$CC$61,$CC$61:$CC$62=$CC$61,$CE$57:$CE$58=$CE$58,$CE$61:$CE$62=$CE$61,$CF$57:$CF$58=$CF$58,$CF$61<>$CF$62,$CG$57:$CG$58=$CG$58),1,0)} -> 0 | AGE58: {=IF(AND($CC$57:$CC$58=$CC$58,$CC$58<>$CC$59,$CC$59<>$CC$60,$CC$60<>$CC$61,$CC$61:$CC$62=$CC$61,$CE$57:$CE$58=$CE$58,$CE$61:$CE$62=$CE$61,$CF$57<>$CF$58,$CF$61:$CF$62=$CF$61,$CG$61:$CG$62=$CG$61),1,0)} -> 0 | AGF58: {=IF(AND($CC$57:$CC$58=$CC$58,$CC$58<>$CC$59,$CC$59<>$CC$60,$CC$60<>$CC$61,$CC$61:$CC$62=$CC$61,$CE$57:$CE$58=$CE$58,$CE$61:$CE$62=$CE$61,$CF$57<>$CF$58,$CF$61<>$CF$62),1,0)} -> 0
JZ59: {=IF(AND($CC$57:$CC$62=$CC$59,$CE$57:$CE$62=$CE$59,$CF$57:$CF$58=$CF$58,$CF$58<>$CF$59,$CF$59:$CF$62=$CF$59,$CG$57:$CG$58=$CG$58,$CG$59<>$CG$60,$CG$60:$CG$62=$CG$60),1,0)} -> 0 | AGD59: {=IF(AND($CC$57:$CC$58=$CC$58,$CC$58<>$CC$59,$CC$59<>$CC$60,$CC$60<>$CC$61,$CC$61:$CC$62=$CC$61,$CE$57:$CE$58=$CE$58,$CE$61:$CE$62=$CE$61,$CF$57:$CF$58=$CF$58,$CF$61<>$CF$62,$CG$57:$CG$58=$CG$58),1,0)} -> 0 | AGE59: {=IF(AND($CC$57:$CC$58=$CC$58,$CC$58<>$CC$59,$CC$59<>$CC$60,$CC$60<>$CC$61,$CC$61:$CC$62=$CC$61,$CE$57:$CE$58=$CE$58,$CE$61:$CE$62=$CE$61,$CF$57<>$CF$58,$CF$61:$CF$62=$CF$61,$CG$61:$CG$62=$CG$61),1,0)} -> 0 | AGF59: {=IF(AND($CC$57:$CC$58=$CC$58,$CC$58<>$CC$59,$CC$59<>$CC$60,$CC$60<>$CC$61,$CC$61:$CC$62=$CC$61,$CE$57:$CE$58=$CE$58,$CE$61:$CE$62=$CE$61,$CF$57<>$CF$58,$CF$61<>$CF$62),1,0)} -> 0
JZ60: {=IF(AND($CC$57:$CC$62=$CC$60,$CE$57:$CE$62=$CE$60,$CF$57:$CF$58=$CF$58,$CF$58<>$CF$59,$CF$59:$CF$62=$CF$60,$CG$57:$CG$58=$CG$58,$CG$59<>$CG$60,$CG$60:$CG$62=$CG$60),1,0)} -> 0 | AFZ60: {=IF(AND($CC$57:$CC$58=$CC$58,$CC$58<>$CC$59,$CC$59<>$CC$60,$CC$60:$CC$62=$CC$60,$CE$57:$CE$58=$CE$58,$CE$60:$CE$62=$CE$60,$CF$57<>$CF$58,$CF$60:$CF$62=$CF$60,$CG$60:$CG$62=$CG$60),1,0)} -> 0 | AGA60: {=IF(AND($CC$57:$CC$58=$CC$58,$CC$58<>$CC$59,$CC$59<>$CC$60,$CC$60:$CC$62=$CC$60,$CE$57:$CE$58=$CE$58,$CE$60:$CE$62=$CE$60,$CF$57<>$CF$58,$CF$60:$CF$62=$CF$60,$CG$60:$CG$62=$CG$60),1,0)} -> 0 | AGD60: {=IF(AND($CC$57:$CC$58=$CC$58,$CC$58<>$CC$59,$CC$59<>$CC$60,$CC$60<>$CC$61,$CC$61:$CC$62=$CC$61,$CE$57:$CE$58=$CE$58,$CE$61:$CE$62=$CE$61,$CF$57:$CF$58=$CF$58,$CF$61<>$CF$62,$CG$57:$CG$58=$CG$58),1,0)} -> 0 | AGE60: {=IF(AND($CC$57:$CC$58=$CC$58,$CC$58<>$CC$59,$CC$59<>$CC$60,$CC$60<>$CC$61,$CC$61:$CC$62=$CC$61,$CE$57:$CE$58=$CE$58,$CE$61:$CE$62=$CE$61,$CF$57<>$CF$58,$CF$61:$CF$62=$CF$61,$CG$61:$CG$62=$CG$61),1,0)} -> 0 | AGF60: {=IF(AND($CC$57:$CC$58=$CC$58,$CC$58<>$CC$59,$CC$59<>$CC$60,$CC$60<>$CC$61,$CC$61:$CC$62=$CC$61,$CE$57:$CE$58=$CE$58,$CE$61:$CE$62=$CE$61,$CF$57<>$CF$58,$CF$61<>$CF$62),1,0)} -> 0
JZ61: {=IF(AND($CC$57:$CC$62=$CC$61,$CE$57:$CE$62=$CE$61,$CF$57:$CF$58=$CF$58,$CF$58<>$CF$59,$CF$59:$CF$62=$CF$60,$CG$57:$CG$58=$CG$58,$CG$59<>$CG$60,$CG$60:$CG$62=$CG$61),1,0)} -> 0 | AFZ61: {=IF(AND($CC$57:$CC$58=$CC$58,$CC$58<>$CC$59,$CC$59<>$CC$60,$CC$60:$CC$62=$CC$61,$CE$57:$CE$58=$CE$58,$CE$60:$CE$62=$CE$61,$CF$57<>$CF$58,$CF$60:$CF$62=$CF$61,$CG$60:$CG$62=$CG$61),1,0)} -> 0 | AGA61: {=IF(AND($CC$57:$CC$58=$CC$58,$CC$58<>$CC$59,$CC$59<>$CC$60,$CC$60:$CC$62=$CC$61,$CE$57:$CE$58=$CE$58,$CE$60:$CE$62=$CE$61,$CF$57<>$CF$58,$CF$60:$CF$62=$CF$61,$CG$60:$CG$62=$CG$61),1,0)} -> 0 | AGD61: {=IF(AND($CC$57:$CC$58=$CC$58,$CC$58<>$CC$59,$CC$59<>$CC$60,$CC$60<>$CC$61,$CC$61:$CC$62=$CC$61,$CE$57:$CE$58=$CE$58,$CE$61:$CE$62=$CE$61,$CF$57:$CF$58=$CF$58,$CF$61<>$CF$62,$CG$57:$CG$58=$CG$58),1,0)} -> 0 | AGE61: {=IF(AND($CC$57:$CC$58=$CC$58,$CC$58<>$CC$59,$CC$59<>$CC$60,$CC$60<>$CC$61,$CC$61:$CC$62=$CC$61,$CE$57:$CE$58=$CE$58,$CE$61:$CE$62=$CE$61,$CF$57<>$CF$58,$CF$61:$CF$62=$CF$61,$CG$61:$CG$62=$CG$61),1,0)} -> 0 | AGF61: {=IF(AND($CC$57:$CC$58=$CC$58,$CC$58<>$CC$59,$CC$59<>$CC$60,$CC$60<>$CC$61,$CC$61:$CC$62=$CC$61,$CE$57:$CE$58=$CE$58,$CE$61:$CE$62=$CE$61,$CF$57<>$CF$58,$CF$61<>$CF$62),1,0)} -> 0
CF62: 1 | JZ62: {=IF(AND($CC$57:$CC$62=$CC$62,$CE$57:$CE$62=$CE$62,$CF$57:$CF$58=$CF$58,$CF$58<>$CF$59,$CF$59:$CF$62=$CF$60,$CG$57:$CG$58=$CG$58,$CG$59<>$CG$60,$CG$60:$CG$62=$CG$62),1,0)} -> 0 | AFZ62: {=IF(AND($CC$57:$CC$58=$CC$58,$CC$58<>$CC$59,$CC$59<>$CC$60,$CC$60:$CC$62=$CC$62,$CE$57:$CE$58=$CE$58,$CE$60:$CE$62=$CE$62,$CF$57<>$CF$58,$CF$60:$CF$62=$CF$62,$CG$60:$CG$62=$CG$62),1,0)} -> 0 | AGA62: {=IF(AND($CC$57:$CC$58=$CC$58,$CC$58<>$CC$59,$CC$59<>$CC$60,$CC$60:$CC$62=$CC$62,$CE$57:$CE$58=$CE$58,$CE$60:$CE$62=$CE$62,$CF$57<>$CF$58,$CF$60:$CF$62=$CF$62,$CG$60:$CG$62=$CG$62),1,0)} -> 0 | AGD62: {=IF(AND($CC$57:$CC$58=$CC$58,$CC$58<>$CC$59,$CC$59<>$CC$60,$CC$60<>$CC$61,$CC$61:$CC$62=$CC$62,$CE$57:$CE$58=$CE$58,$CE$61:$CE$62=$CE$62,$CF$57:$CF$58=$CF$58,$CF$61<>$CF$62,$CG$57:$CG$58=$CG$58),1,0)} -> 0 | AGE62: {=IF(AND($CC$57:$CC$58=$CC$58,$CC$58<>$CC$59,$CC$59<>$CC$60,$CC$60<>$CC$61,$CC$61:$CC$62=$CC$62,$CE$57:$CE$58=$CE$58,$CE$61:$CE$62=$CE$62,$CF$57<>$CF$58,$CF$61:$CF$62=$CF$62,$CG$61:$CG$62=$CG$62),1,0)} -> 0 | AGF62: {=IF(AND($CC$57:$CC$58=$CC$58,$CC$58<>$CC$59,$CC$59<>$CC$60,$CC$60<>$CC$61,$CC$61:$CC$62=$CC$62,$CE$57:$CE$58=$CE$58,$CE$61:$CE$62=$CE$62,$CF$57<>$CF$58,$CF$61<>$CF$62),1,0)} -> 0 | AGX62: {=IF(AND($CC$57<>$CC$58,$CC$58:$CC$62=$CC$62,$CE$58:$CE$62=$CE$62,$CF$58<>$CF$59,$CF$59<>$CF$60,$CF$60<>$CF$61,$CF$61:$CF$62=$CF$62,$CG$61:$CG$62=$CG$62),1,0)} -> 0 | AGY62: {=IF(AND($CC$57<>$CC$58,$CC$58:$CC$62=$CC$62,$CE$58:$CE$62=$CE$62,$CF$58<>$CF$59,$CF$59<>$CF$60,$CF$60<>$CF$61,$CF$61<>$CF$62),1,0)} -> 0

Sheet MUNDIAL
E1: Selecciona Horario: | G1: Catar | I1: Rellenar los cuadros grises
G2: =IFERROR(VLOOKUP(G1,Horarios!L4:M60,2,0),10) -> 9 | AH2: AUXILIARES | AV2: TOPIC | AW2: VALUE | CT2: no
F3: Fecha | G3: Hora | H3: Jor. | I3: Casa | K3: Gol | L3: Gol | N3: Fuera | AV3: SIN EMPEZAR | AW3: =AW4*2 -> 2222000000 | CL3: 1 | CM3: 12 | CN3: 18 | CO3: 19 | CP3: 13 | CQ3: 20 | CR3: 21 | CS3: 22 | CT3: 3 | CU3: 2 | CV3: 14 | CW3: 17 | CX3: 16 | CY3: 15 | CZ3: 4 | DA3: 5 | DB3: 10 | DC3: 8 | DD3: 6 | DE3: 11 | DF3: 7 | DG3: 9 | EC3: OP1 | ED3: OP2 | EE3: OP3 | EF3: OP4 | EG3: OP5 | EH3: OP6 | EI3: OP7 | EJ3: OP8 | EK3: OP9 | EL3: OP10 | MEZ3: matejero
A4: NombreEquipo | B4: A | C4: =COUNTIF(Equipos!$C$2:$C$33,MUNDIAL!B4) -> 4 | E4: A | F4: =Horarios!C4 -> 44886.792 | G4: =Horarios!C4 -> 44886.792 | H4: J1 | I4: =A7 -> Senegal | J4: =VLOOKUP(I4,Equipos!$H$2:$I$33,2,0) -> 🇸🇳 | K4: 0 | L4: 2 | M4: =VLOOKUP(N4,Equipos!$H$2:$I$33,2,0) -> 🇳🇱 | N4: =A8 -> Paises Bajos | O4: =IF(NOT(OR(ISBLANK(K4),ISBLANK(L4))),1,0) -> 1 | Q4: =CONCATENATE("Grupo"," ",B4) -> Grupo A | AB4: ¡EMPATE! Puedes seleccionar el orden de los empatados. | AH4: =CONCATENATE("Auxiliar - ",Q4) -> Auxiliar - Grupo A | AU4: NR | AV4: PUNTOS General | AW4: =AW6*1111 -> 1111000000 | AY4: =CONCATENATE(Q4," - GOLAVERAGE") -> Grupo A - GOLAVERAGE | BB4: Goles - Partidos Cruzados | BH4: Diferencia de Goles - Partidos Cruzados | BN4: Puntos - Partidos Cruzados | CI4: Valor | CK4: Sum | CL4: =SUM(CL6:CL9) -> 0 | CM4: =SUM(CM6:CM9) -> 0 | CN4: =SUM(CN6:CN9) -> 0 | CO4: =SUM(CO6:CO9) -> 2 | CP4: =SUM(CP6:CP9) -> 0 | CQ4: =SUM(CQ6:CQ9) -> 2 | CR4: =SUM(CR6:CR9) -> 2 | CS4: =SUM(CS6:CS9) -> 4 | ... DG4: =SUM(DG6:DG9) -> 0 | EC4: 1234 | ED4: 123 | EE4: 12 | EF4: 234 | EG4: 34 | EH4: 23 | EI4: 1 | EJ4: 2 | EK4: 3 | EL4: 4
A5: {=IF(ROWS(A$5:A5)<=$C$4,INDEX(INDIRECT(A$4),SMALL(IF(Nivell=$B$4,ROW(Nivell)-ROW(Equipos!$C$2)+1),ROWS(B$4:B4))),"")} -> Catar | F5: =Horarios!C5 -> 44885.792 | G5: =Horarios!C5 -> 44885.792 | H5: J1 | I5: =A5 -> Catar | J5: =VLOOKUP(I5,Equipos!$H$2:$I$33,2,0) -> 🇶🇦 | K5: 0 | L5: 2 | M5: =VLOOKUP(N5,Equipos!$H$2:$I$33,2,0) -> 🇪🇨 | N5: =A6 -> Ecuador | O5: =IF(NOT(OR(ISBLANK(K5),ISBLANK(L5))),1,0) -> 1 | Q5: Pos | R5: Selección | S5: Pts | T5: J | U5: G | V5: E | W5: P | X5: GF | Y5: GC | Z5: DG | AA5: =COUNTIF(AA6:AA9,"<100") -> 0 | AG5: NR | AH5: Puesto | AI5: Equipo | AJ5: Ptos | AK5: J | AL5: G | AM5: E | AN5: P | AO5: GF | AP5: GC | AQ5: Dif | AR5: Rank | AS5: Puesto | AV5: DG X | AW5: =AW6*5 -> 5000000 | AY5: Equipo | AZ5: NEquipEqual | BA5: PUNTOS | BB5: Ranking Inv | BC5: Entre Iguales | BD5: =AY6 -> Catar | BE5: =AY7 -> Ecuador | BF5: =AY8 -> Senegal | BG5: =AY9 -> Paises Bajos | BH5: Ranking Inv | BI5: Entre Iguales | BJ5: =BD5 -> Catar | BK5: =BE5 -> Ecuador | BL5: =BF5 -> Senegal | BM5: =BG5 -> Paises Bajos | BN5: Ranking Inv | BO5: Entre Iguales | BP5: =BD5 -> Catar | BQ5: =BE5 -> Ecuador | BR5: =BF5 -> Senegal | BS5: =BG5 -> Paises Bajos | BV5: Inicio | BW5: =AR | BX5: 1R | CB5: Equipo | CC5: Ptos | CD5: Signo | CE5: Dif | CF5: Gf | CK5: Com | CL5: COM_1 | CM5: COM_2 | CN5: COM_3 | CO5: COM_4 | CP5: COM_5 | CQ5: COM_6 | CR5: COM_7 | CS5: COM_8 | CT5: COM_3 | CU5: COM_3 | CV5: COM_4 | CW5: COM_7 | CX5: COM_6 | CY5: COM_6 | CZ5: COM_5 | DA5: COM_2 | DB5: COM_7 | DC5: COM_6 | DD5: COM_4 | DE5: COM_7 | DF5: COM_4 | DG5: COM_6 | EC5: 1 | ED5: 1 | EE5: 1 | EF5: 2 | EG5: 3 | EH5: 2 | EI5: 1 | EJ5: 2 | EK5: 3 | EL5: 4
A6: {=IF(ROWS(A$5:A6)<=$C$4,INDEX(INDIRECT(A$4),SMALL(IF(Nivell=$B$4,ROW(Nivell)-ROW(Equipos!$C$2)+1),ROWS(B$4:B5))),"")} -> Ecuador | F6: =Horarios!C6 -> 44890.667 | G6: =Horarios!C6 -> 44890.667 | H6: J2 | I6: =A5 -> Catar | J6: =VLOOKUP(I6,Equipos!$H$2:$I$33,2,0) -> 🇶🇦 | K6: 1 | L6: 2 | M6: =VLOOKUP(N6,Equipos!$H$2:$I$33,2,0) -> 🇸🇳 | N6: =A7 -> Senegal | O6: =IF(NOT(OR(ISBLANK(K6),ISBLANK(L6))),1,0) -> 1 | Q6: 1 | R6: =VLOOKUP(Q6,$AG$6:$AI$9,3,0) -> Paises Bajos | S6: =VLOOKUP(R6,$AI$6:$AR$9,2,FALSE) -> 7 | T6: =VLOOKUP($R6,$AI$6:$AR$9,3,FALSE) -> 3 | U6: =VLOOKUP($R6,$AI$6:$AR$9,4,FALSE) -> 2 | V6: =VLOOKUP($R6,$AI$6:$AR$9,5,FALSE) -> 1 | W6: =VLOOKUP($R6,$AI$6:$AR$9,6,FALSE) -> 0 | X6: =VLOOKUP($R6,$AI$6:$AR$9,7,FALSE) -> 5 | Y6: =VLOOKUP($R6,$AI$6:$AR$9,8,FALSE) -> 1 | Z6: =VLOOKUP($R6,$AI$6:$AR$9,9,FALSE) -> 4 | AA6: =IF(SUM($AK$6:$AK$9)=12,MIN(ABS(BY5-BY6),ABS(BY6-BY7)),100) -> 1.132e+09 | AB6: =IF(AND(AA6>=0,AA6<90),VLOOKUP(Q6,$BU$6:$BV$9,2,0),"") | AF6: =VLOOKUP($R6,$AI$6:$AR$9,10,FALSE) -> 7.8022105e+09 | AG6: =RANK(AU6,$AU$6:$AU$9) -> 4 | AH6: =RANK(AR6,$AR$6:$AR$9) -> 4 | AI6: =A5 -> Catar | AJ6: =AL6*3+AM6*1+AN6*0 -> 0 | AK6: =COUNTIFS($I$4:$I$65,AI6,$K$4:$K$65,"<>",$L$4:$L$65,"<>")+COUNTIFS($N$4:$N$65,AI6,$L$4:$L$65,"<>",$K$4:$K$65,"<>") -> 3 | AL6: {=SUM(($I$4:$I$65=AI6)*($K$4:$K$65<>"")*($L$4:$L$65<>"")*($K$4:$K$65>$L$4:$L$65),($N$4:$N$65=AI6)*($K$4:$K$65<>"")*($L$4:$L$65<>"")*($K$4:$K$65<$L$4:$L$65))} -> 0 | AM6: {=SUM(($I$4:$I$65=AI6)*($K$4:$K$65<>"")*($L$4:$L$65<>"")*($K$4:$K$65=$L$4:$L$65),($N$4:$N$65=AI6)*($K$4:$K$65<>"")*($L$4:$L$65<>"")*($K$4:$K$65=$L$4:$L$65))} -> 0 | AN6: {=SUM(($I$4:$I$65=AI6)*($L$4:$L$65<>"")*($K$4:$K$65<>"")*($K$4:$K$65<$L$4:$L$65),($K$4:$K$65<>"")*($N$4:$N$65=AI6)*($L$4:$L$65<>"")*($K$4:$K$65>$L$4:$L$65))} -> 3 | AO6: {=SUMIFS($K$4:$K$65,$I$4:$I$65,AI6,$K$4:$K$65,"<>",$L$4:$L$65,"<>")+SUMIFS($L$4:$L$65,$N$4:$N$65,AI6,$K$4:$K$65,"<>",$L$4:$L$65,"<>")} -> 1 | AP6: {=SUMIFS($K$4:$K$65,$N$4:$N$65,AI6,$K$4:$K$65,"<>",$L$4:$L$65,"<>")+SUMIFS($L$4:$L$65,$I$4:$I$65,AI6,$K$4:$K$65,"<>",$L$4:$L$65,"<>")} -> 6 | AQ6: =AO6-AP6 -> -5 | AR6: =IF(AK6=0,-($AW$11*VLOOKUP(AI6,Tabla3[[NombreEquipo]:[Rank]],3,FALSE)),AJ6*$AW$4+AQ6*$AW$5+AO6*$AW$6+BA6-($AW$11*VLOOKUP(AI6,Tabla3[[NombreEquipo]:[Rank]],3,FALSE)/100)) -> -23789500 | AS6: =AH6 -> 4 | AU6: =IFERROR(AR6-VLOOKUP(AI6,$AB$6:$AC$9,2,0),AR6) -> -23789500 | AV6: G X | AW6: =AW7*5 -> 1000000 | AY6: =AI6 -> Catar | AZ6: =COUNTIF(AJ6:AJ9,AJ6) -> 1 | BA6: =(BB6*$AW$9)+(BH6*$AW$8)+(BN6*$AW$7) -> 210500 | BB6: =RANK(BC6,BC6:BC9,1) -> 1 | BC6: =SUM(IF(AND(AJ6=AJ7,AQ6=AQ7,AO6=AO7),BE6,0),IF(AND(AJ6=AJ8,AQ6=AQ8,AO6=AO8),BF6,0),IF(AND(AJ6=AJ9,AQ6=AQ9,AO6=AO9),BG6,0)) -> 0 | BD6: 0 | BE6: {=SUMIFS($K$4:$K$9,$I$4:$I$9,$AY6,$K$4:$K$9,"<>",$L$4:$L$9,"<>",$N$4:$N$9,BE5)+SUMIFS($L$4:$L$9,$I$4:$I$9,BE5,$K$4:$K$9,"<>",$L$4:$L$9,"<>",$N$4:$N$9,$AY6)} -> 0 | BF6: {=SUMIFS($K$4:$K$9,$I$4:$I$9,$AY6,$K$4:$K$9,"<>",$L$4:$L$9,"<>",$N$4:$N$9,BF5)+SUMIFS($L$4:$L$9,$I$4:$I$9,BF5,$K$4:$K$9,"<>",$L$4:$L$9,"<>",$N$4:$N$9,$AY6)} -> 1 | BG6: {=SUMIFS($K$4:$K$9,$I$4:$I$9,$AY6,$K$4:$K$9,"<>",$L$4:$L$9,"<>",$N$4:$N$9,BG5)+SUMIFS($L$4:$L$9,$I$4:$I$9,BG5,$K$4:$K$9,"<>",$L$4:$L$9,"<>",$N$4:$N$9,$AY6)} -> 0 | BH6: =RANK(BI6,BI6:BI9,1) -> 1 | BI6: =SUM(IF(AND(AJ6=AJ7,AQ6=AQ7,AO6=AO7),BK6,0),IF(AND(AJ6=AJ8,AQ6=AQ8,AO6=AO8),BL6,0),IF(AND(AJ6=AJ9,AQ6=AQ9,AO6=AO9),BM6,0)) -> 0 | BJ6: 0 | BK6: =BE6-BD7 -> -2 | BL6: =BF6-BD8 -> -1 | BM6: =BG6-BD9 -> -2 | BN6: =RANK(BO6,BO6:BO9,1) -> 1 | BO6: =SUM(IF(AND(AJ6=AJ7,AQ6=AQ7,AO6=AO7),BQ6,0),IF(AND(AJ6=AJ8,AQ6=AQ8,AO6=AO8),BR6,0),IF(AND(AJ6=AJ9,AQ6=AQ9,AO6=AO9),BS6,0)) -> 0 | BP6: 0 | BQ6: {=SUM((I$4:I$49=AY6)*(N$4:N$49=BQ5)*(K$4:K$49<>"")*(L$4:L$49<>"")*(K$4:K$49>L$4:L$49)*3,(N$4:N$49=AY6)*(I$4:I$49=BQ5)*(K$4:K$49<>"")*(L$4:L$49<>"")*(K$4:K$49=L$4:L$49)*1,(N$4:N$49=AY6)*(I$4:I$49=BQ5)*(K$4:K$49<>"")*(L$4:L$49<>"")*(K$4:K$49<L$4:L$49)*3,(I$4:I$49=AY6)*(N$4:N$49=BQ5)*(K$4:K$49<>"")*(L$4:L$49<>"")*(K$4:K$49=L$4:L$49)*1)} -> 0 | BR6: {=SUM((I$4:I$49=AY6)*(N$4:N$49=BR5)*(K$4:K$49<>"")*(L$4:L$49<>"")*(K$4:K$49>L$4:L$49)*3,(N$4:N$49=AY6)*(I$4:I$49=BR5)*(K$4:K$49<>"")*(L$4:L$49<>"")*(K$4:K$49=L$4:L$49)*1,(N$4:N$49=AY6)*(I$4:I$49=BR5)*(K$4:K$49<>"")*(L$4:L$49<>"")*(K$4:K$49<L$4:L$49)*3,(I$4:I$49=AY6)*(N$4:N$49=BR5)*(K$4:K$49<>"")*(L$4:L$49<>"")*(K$4:K$49=L$4:L$49)*1)} -> 0 | BS6: {=SUM((I$4:I$49=AY6)*(N$4:N$49=BS5)*(K$4:K$49<>"")*(L$4:L$49<>"")*(K$4:K$49>L$4:L$49)*3,(N$4:N$49=AY6)*(I$4:I$49=BS5)*(K$4:K$49<>"")*(L$4:L$49<>"")*(K$4:K$49=L$4:L$49)*1,(N$4:N$49=AY6)*(I$4:I$49=BS5)*(K$4:K$49<>"")*(L$4:L$49<>"")*(K$4:K$49<L$4:L$49)*3,(I$4:I$49=AY6)*(N$4:N$49=BS5)*(K$4:K$49<>"")*(L$4:L$49<>"")*(K$4:K$49=L$4:L$49)*1)} -> 0 | BT6: 1 | BU6: =RANK(BW6,$BW$6:$BW$9) -> 4 | BV6: =A5 -> Catar | BW6: =AR6 -> -23789500 | BX6: =VLOOKUP(Q6,$AH$6:$AI$9,2,0) -> Paises Bajos | BY6: =VLOOKUP($BX6,$AI$6:$AR$9,10,FALSE) -> 7.8022105e+09 | CA6: 1 | CB6: =VLOOKUP(CA6,$AH$6:$AI$9,2,0) -> Paises Bajos | CC6: =VLOOKUP(CB6,$AI$6:$AR$9,2,FALSE) -> 7 | CD6: =IF(SUM($AK$6:$AK$9)=12,MIN(ABS(BY5-BY6),ABS(BY6-BY7)),100) -> 1.132e+09 | CE6: =VLOOKUP($CB6,$AI$6:$AR$9,9,FALSE) -> 4 | CF6: =VLOOKUP($CB6,$AI$6:$AR$9,7,FALSE) -> 5 | CH6: {=IF($CI$6=$CL$5,$EC$5:$EC$8,IF($CI$6=$CM$5,$ED$5:$ED$7,IF(OR($CI$6=$CN$5,$CI$6=$CO$5),$EE$5:$EE$6,$EI$5)))} -> 1 | CI6: =IFERROR(HLOOKUP(4,CL4:DI5,2,0),CS5) -> COM_8 | CK6: 1 | CL6: {=IF(AND($CC$6:$CC$9=$CC$6,$CD$6:$CD$9<90,$AQ$6:$AQ$9=$AQ$6,$CF$6:$CF$9=$CF$6),1,0)} -> 0 | CM6: {=IF(AND($CC$6:$CC$8=$CC$6,$CD$6:$CD$8<90,$CC$6<>$CC$9),1,0)} -> 0 | CN6: {=IF(AND($CC$6:$CC$7=$CC$6,$CD$6:$CD$7<90,$CC$6<>$CC$8),1,0)} -> 0 | CO6: {=IF(AND($CC$6:$CC$7=$CC$6,$CD$6:$CD$7<90,$CC$6<>$CC$8),1,0)} -> 0 | CP6: {=IF(AND($CC$7:$CC$9=$CC$7,$CD$7:$CD$9<90,$CC$6<>$CC$7),1,0)} -> 0 | CQ6: {=IF(AND($CC$6<>$CC$7,$CC$6<>$CC$9),1,0)} -> 1 | CR6: {=IF(AND($CC$6<>$CC$7,$CC$6<>$CC$9),1,0)} -> 1 | CS6: {=IF(AND($CC$6<>$CC$7,$CC$6<>$CC$9),1,0)} -> 1 | CT6: {=IF(AND($CC$6:$CC$9=$CC$6,$CD$6:$CD$9<90,$CE$6:$CE$7=$CE$6,$CE$6<>$CE$8),1,0)} -> 0 | CU6: {=IF(AND($CC$6:$CC$9=$CC$6,$CD$6:$CD$9<90,$CE$6:$CE$9=$CE$6,$CF$6=$CF$7,$CF$6<>$CF$8),1,0)} -> 0 | CV6: {=IF(AND($CC$6:$CC$8=$CC$6,$CD$6:$CD$7<90,$CD$8>90),1,0)} -> 0 | CW6: {=IF(AND($CC$6<>$CC$7,$CC$6<>$CC$8),1,0)} -> 1 | CX6: {=IF(AND($CC$6<>$CC$7,$CC$6<>$CC$8),1,0)} -> 1 | CY6: {=IF(AND($CC$6<>$CC$9,$CC$6:$CC$8=$CC$6,$CD$6>90,$CD$7:$CD$8<90),1,0)} -> 0 | CZ6: {=IF(AND($CC$6:$CC$9=$CC$6,$CD$7:$CD$9<90,$CD$6<>$CD$7),1,0)} -> 0 | DA6: {=IF(AND($CC$6:$CC$9=$CC$6,$CD$6:$CD$8<90,$CD$6<>$CD$9),1,0)} -> 0 | DB6: {=IF(AND($CC$6:$CC$9=$CC$6,$CD$6:$CD$7>90,$CD$8:$CD$9<90,$CE$6:$CE$9=$CE$6,$CF$6>$CF$7,$CF$6>$CF$8,$CF$6>$CF$9),1,0)} -> 0 | DC6: {=IF(AND($CC$6:$CC$9=$CC$6,$CD$6>90,$CD$7:$CD$8<90,$CD$9>90,$CE$6:$CE$9=$CE$6,$CF$6>$CF$7,$CF$6>$CF$8,$CF$6>$CF$9),1,0)} -> 0 | DD6: {=IF(AND($CC$6:$CC$9=$CC$6,$CD$6:$CD$7<90,$CD$8:$CD$9>90,$CE$6:$CE$9=$CE$6,$CF$6=$CF$7,$CF$6>$CF$8,$CF$6>$CF$9),1,0)} -> 0 | DE6: {=IF(AND($CC$6:$CC$9=$CC$6,$CD$6:$CD$7>90,$CD$8:$CD$9<90,$CE$6:$CE$9=$CE$6,$CF$6>$CF$7,$CF$7:$CF$9=$CF$7),1,0)} -> 0 | DF6: {=IF(AND($CC$6:$CC$9=$CC$6,$CD$6:$CD$7<90,$CD$8:$CD$9>90,$CE$6:$CE$9=$CE$6,$CF$6:$CF$8=$CF$6,$CF$6>$CF$9),1,0)} -> 0 | DG6: {=IF(AND($CC$6:$CC$9=$CC$6,$CD$6>90,$CD$9>90,$CD$7:$CD$8<90,$CE$6:$CE$9=$CE$6,$CF$6>$CF$7:$CF$9),1,0)} -> 0 | EC6: 2 | ED6: 2 | EE6: 2 | EF6: 3 | EG6: 4 | EH6: 3
A7: {=IF(ROWS(A$5:A7)<=$C$4,INDEX(INDIRECT(A$4),SMALL(IF(Nivell=$B$4,ROW(Nivell)-ROW(Equipos!$C$2)+1),ROWS(B$4:B6))),"")} -> Senegal | F7: =Horarios!C7 -> 44890.792 | G7: =Horarios!C7 -> 44890.792 | H7: J2 | I7: =A8 -> Paises Bajos | J7: =VLOOKUP(I7,Equipos!$H$2:$I$33,2,0) -> 🇳🇱 | K7: 1 | L7: 1 | M7: =VLOOKUP(N7,Equipos!$H$2:$I$33,2,0) -> 🇪🇨 | N7: =A6 -> Ecuador | O7: =IF(NOT(OR(ISBLANK(K7),ISBLANK(L7))),1,0) -> 1 | Q7: 2 | R7: =VLOOKUP(Q7,$AG$6:$AI$9,3,0) -> Senegal | S7: =VLOOKUP(R7,$AI$6:$AR$9,2,FALSE) -> 6 | T7: =VLOOKUP($R7,$AI$6:$AR$9,3,FALSE) -> 3 | U7: =VLOOKUP($R7,$AI$6:$AR$9,4,FALSE) -> 2 | V7: =VLOOKUP($R7,$AI$6:$AR$9,5,FALSE) -> 0 | W7: =VLOOKUP($R7,$AI$6:$AR$9,6,FALSE) -> 1 | X7: =VLOOKUP($R7,$AI$6:$AR$9,7,FALSE) -> 4 | Y7: =VLOOKUP($R7,$AI$6:$AR$9,8,FALSE) -> 4 | Z7: =VLOOKUP($R7,$AI$6:$AR$9,9,FALSE) -> 0 | AA7: =IF(SUM($AK$6:$AK$9)=12,MIN(ABS(BY6-BY7),ABS(BY7-BY8)),100) -> 1.132e+09 | AB7: =IF(AND(AA7>=0,AA7<90),VLOOKUP(Q7,$BU$6:$BV$9,2,0),"") | AF7: =VLOOKUP($R7,$AI$6:$AR$9,10,FALSE) -> 6.6702105e+09 | AG7: =RANK(AU7,$AU$6:$AU$9) -> 3 | AH7: =RANK(AR7,$AR$6:$AR$9) -> 3 | AI7: =A6 -> Ecuador | AJ7: =AL7*3+AM7*1+AN7*0 -> 4 | AK7: =COUNTIFS($I$4:$I$65,AI7,$K$4:$K$65,"<>",$L$4:$L$65,"<>")+COUNTIFS($N$4:$N$65,AI7,$L$4:$L$65,"<>",$K$4:$K$65,"<>") -> 3 | AL7: {=SUM(($I$4:$I$65=AI7)*($K$4:$K$65<>"")*($L$4:$L$65<>"")*($K$4:$K$65>$L$4:$L$65),($N$4:$N$65=AI7)*($K$4:$K$65<>"")*($L$4:$L$65<>"")*($K$4:$K$65<$L$4:$L$65))} -> 1 | AM7: {=SUM(($I$4:$I$65=AI7)*($K$4:$K$65<>"")*($L$4:$L$65<>"")*($K$4:$K$65=$L$4:$L$65),($N$4:$N$65=AI7)*($K$4:$K$65<>"")*($L$4:$L$65<>"")*($K$4:$K$65=$L$4:$L$65))} -> 1 | AN7: {=SUM(($I$4:$I$65=AI7)*($L$4:$L$65<>"")*($K$4:$K$65<>"")*($K$4:$K$65<$L$4:$L$65),($K$4:$K$65<>"")*($N$4:$N$65=AI7)*($L$4:$L$65<>"")*($K$4:$K$65>$L$4:$L$65))} -> 1 | AO7: {=SUMIFS($K$4:$K$65,$I$4:$I$65,AI7,$K$4:$K$65,"<>",$L$4:$L$65,"<>")+SUMIFS($L$4:$L$65,$N$4:$N$65,AI7,$K$4:$K$65,"<>",$L$4:$L$65,"<>")} -> 4 | AP7: {=SUMIFS($K$4:$K$65,$N$4:$N$65,AI7,$K$4:$K$65,"<>",$L$4:$L$65,"<>")+SUMIFS($L$4:$L$65,$I$4:$I$65,AI7,$K$4:$K$65,"<>",$L$4:$L$65,"<>")} -> 3 | AQ7: =AO7-AP7 -> 1 | AR7: =IF(AK7=0,-($AW$11*VLOOKUP(AI7,Tabla3[[NombreEquipo]:[Rank]],3,FALSE)),AJ7*$AW$4+AQ7*$AW$5+AO7*$AW$6+BA7-($AW$11*VLOOKUP(AI7,Tabla3[[NombreEquipo]:[Rank]],3,FALSE)/100)) -> 4.4532105e+09 | AS7: =AH7 -> 3 | AU7: =IFERROR(AR7-VLOOKUP(AI7,$AB$6:$AC$9,2,0),AR7) -> 4.4532105e+09 | AV7: P Part | AW7: =AW8*20 -> 200000 | AY7: =AI7 -> Ecuador | AZ7: =COUNTIF(AJ6:AJ9,AJ7) -> 1 | BA7: =(BB7*$AW$9)+(BH7*$AW$8)+(BN7*$AW$7) -> 210500 | BB7: =RANK(BC7,BC6:BC9,1) -> 1 | BC7: =SUM(IF(AND(AJ7=AJ8,AQ7=AQ8,AO7=AO8),BF7,0),IF(AND(AJ7=AJ9,AQ7=AQ9,AO7=AO9),BG7,0),IF(AND(AJ7=AJ6,AQ7=AQ6,AO7=AO6),BD7,0)) -> 0 | BD7: {=SUMIFS($K$4:$K$9,$I$4:$I$9,$AY7,$K$4:$K$9,"<>",$L$4:$L$9,"<>",$N$4:$N$9,BD5)+SUMIFS($L$4:$L$9,$I$4:$I$9,BD5,$K$4:$K$9,"<>",$L$4:$L$9,"<>",$N$4:$N$9,$AY7)} -> 2 | BE7: 0 | BF7: {=SUMIFS($K$4:$K$9,$I$4:$I$9,$AY7,$K$4:$K$9,"<>",$L$4:$L$9,"<>",$N$4:$N$9,BF5)+SUMIFS($L$4:$L$9,$I$4:$I$9,BF5,$K$4:$K$9,"<>",$L$4:$L$9,"<>",$N$4:$N$9,$AY7)} -> 1 | BG7: {=SUMIFS($K$4:$K$9,$I$4:$I$9,$AY7,$K$4:$K$9,"<>",$L$4:$L$9,"<>",$N$4:$N$9,BG5)+SUMIFS($L$4:$L$9,$I$4:$I$9,BG5,$K$4:$K$9,"<>",$L$4:$L$9,"<>",$N$4:$N$9,$AY7)} -> 1 | BH7: =RANK(BI7,BI6:BI9,1) -> 1 | BI7: =SUM(IF(AND(AJ7=AJ8,AQ7=AQ8,AO7=AO8),BL7,0),IF(AND(AJ7=AJ9,AQ7=AQ9,AO7=AO9),BM7,0),IF(AND(AJ7=AJ6,AQ7=AQ6,AO7=AO6),BJ7,0)) -> 0 | BJ7: =BD7-BE6 -> 2 | BK7: 0 | BL7: =BF7-BE8 -> -1 | BM7: =BG7-BE9 -> 0 | BN7: =RANK(BO7,BO6:BO9,1) -> 1 | BO7: =SUM(IF(AND(AJ7=AJ8,AQ7=AQ8,AO7=AO8),BR7,0),IF(AND(AJ7=AJ9,AQ7=AQ9,AO7=AO9),BS7,0),IF(AND(AJ7=AJ6,AQ7=AQ6,AO7=AO6),BP7,0)) -> 0 | BP7: {=SUM((I$4:I$49=AY7)*(N$4:N$49=BP5)*(K$4:K$49<>"")*(L$4:L$49<>"")*(K$4:K$49>L$4:L$49)*3,(N$4:N$49=AY7)*(I$4:I$49=BP5)*(K$4:K$49<>"")*(L$4:L$49<>"")*(K$4:K$49=L$4:L$49)*1,(N$4:N$49=AY7)*(I$4:I$49=BP5)*(K$4:K$49<>"")*(L$4:L$49<>"")*(K$4:K$49<L$4:L$49)*3,(I$4:I$49=AY7)*(N$4:N$49=BP5)*(K$4:K$49<>"")*(L$4:L$49<>"")*(K$4:K$49=L$4:L$49)*1)} -> 3 | BQ7: 0 | BR7: {=SUM((I$4:I$49=AY7)*(N$4:N$49=BR5)*(K$4:K$49<>"")*(L$4:L$49<>"")*(K$4:K$49>L$4:L$49)*3,(N$4:N$49=AY7)*(I$4:I$49=BR5)*(K$4:K$49<>"")*(L$4:L$49<>"")*(K$4:K$49=L$4:L$49)*1,(N$4:N$49=AY7)*(I$4:I$49=BR5)*(K$4:K$49<>"")*(L$4:L$49<>"")*(K$4:K$49<L$4:L$49)*3,(I$4:I$49=AY7)*(N$4:N$49=BR5)*(K$4:K$49<>"")*(L$4:L$49<>"")*(K$4:K$49=L$4:L$49)*1)} -> 0 | BS7: {=SUM((I$4:I$49=AY7)*(N$4:N$49=BS5)*(K$4:K$49<>"")*(L$4:L$49<>"")*(K$4:K$49>L$4:L$49)*3,(N$4:N$49=AY7)*(I$4:I$49=BS5)*(K$4:K$49<>"")*(L$4:L$49<>"")*(K$4:K$49=L$4:L$49)*1,(N$4:N$49=AY7)*(I$4:I$49=BS5)*(K$4:K$49<>"")*(L$4:L$49<>"")*(K$4:K$49<L$4:L$49)*3,(I$4:I$49=AY7)*(N$4:N$49=BS5)*(K$4:K$49<>"")*(L$4:L$49<>"")*(K$4:K$49=L$4:L$49)*1)} -> 1 | BT7: 2 | BU7: =RANK(BW7,$BW$6:$BW$9) -> 3 | BV7: =A6 -> Ecuador | BW7: =AR7 -> 4.4532105e+09 | BX7: =VLOOKUP(Q7,$AH$6:$AI$9,2,0) -> Senegal | BY7: =VLOOKUP($BX7,$AI$6:$AR$9,10,FALSE) -> 6.6702105e+09 | CA7: 2 | CB7: =VLOOKUP(CA7,$AH$6:$AI$9,2,0) -> Senegal | CC7: =VLOOKUP(CB7,$AI$6:$AR$9,2,FALSE) -> 6 | CD7: =IF(SUM($AK$6:$AK$9)=12,MIN(ABS(BY6-BY7),ABS(BY7-BY8)),100) -> 1.132e+09 | CE7: =VLOOKUP($CB7,$AI$6:$AR$9,9,FALSE) -> 0 | CF7: =VLOOKUP($CB7,$AI$6:$AR$9,7,FALSE) -> 4 | CH7: {=IF($CI$6=$CL$5,$EC$5:$EC$8,IF($CI$6=$CM$5,$ED$5:$ED$7,IF(OR($CI$6=$CN$5,$CI$6=$CO$5),$EE$5:$EE$6,IF($CI$6=$CP$5,$EF$5:$EF$7,(IF($CI$6=$CQ$5,$EH$5:$EH$6,$EJ$5))))))} -> 2 | CK7: 2 | CL7: {=IF(AND($CC$6:$CC$9=$CC$7,$CD$6:$CD$9<90,$AQ$6:$AQ$9=$AQ$7,$CF$6:$CF$9=$CF$7),1,0)} -> 0 | CM7: {=IF(AND($CC$6:$CC$8=$CC$7,$CD$6:$CD$8<90,$CC$7<>$CC$9),1,0)} -> 0 | CN7: {=IF(AND($CC$6:$CC$7=$CC$6,$CD$6:$CD$7<90,$CC$6<>$CC$8),1,0)} -> 0 | CO7: {=IF(AND($CC$6:$CC$7=$CC$6,$CD$6:$CD$7<90,$CC$6<>$CC$8),1,0)} -> 0 | CP7: {=IF(AND($CC$7:$CC$9=$CC$7,$CD$7:$CD$9<90,$CC$6<>$CC$7),1,0)} -> 0 | CQ7: {=IF(AND($CC$7:$CC$8=$CC$7,$CD$7:$CD$8<90,$CC$7<>$CC$6,$CC$7<>$CC$9),1,0)} -> 0 | CR7: {=IF(AND($CC$7<>$CC$6,$CC$7<>$CC$8),1,0)} -> 1 | CS7: {=IF(AND($CC$7<>$CC$6,$CC$7<>$CC$8),1,0)} -> 1 | CT7: {=IF(AND($CC$6:$CC$9=$CC$6,$CD$6:$CD$9<90,$CE$6:$CE$7=$CE$6,$CE$7<>$CE$8),1,0)} -> 0 | CU7: {=IF(AND($CC$6:$CC$9=$CC$6,$CD$6:$CD$9<90,$CE$6:$CE$9=$CE$6,$CF$6=$CF$7,$CF$7<>$CF$8),1,0)} -> 0 | CV7: {=IF(AND($CC$6:$CC$8=$CC$7,$CD$6:$CD$7<90,$CD$8>90),1,0)} -> 0 | CW7: {=IF(AND($CC$7<>$CC$6,$CC$7:$CC$9=$CC$7,$CD$7>90,$CD$8:$CD$9<90),1,0)} -> 0 | CX7: {=IF(AND($CC$7<>$CC$6,$CC$7:$CC$9=$CC$7,$CD$9>90,$CD$7:$CD$8<90),1,0)} -> 0 | CY7: {=IF(AND($CC$7<>$CC$9,$CC$6:$CC$8=$CC$7,$CD$6>90,$CD$7:$CD$8<90),1,0)} -> 0 | CZ7: {=IF(AND($CC$6:$CC$9=$CC$7,$CD$7:$CD$9<90,$CD$6<>$CD$7),1,0)} -> 0 | DA7: {=IF(AND($CC$6:$CC$9=$CC$7,$CD$6:$CD$8<90,$CD$7<>$CD$9),1,0)} -> 0 | DB7: {=IF(AND($CC$6:$CC$9=$CC$7,$CD$6:$CD$7>90,$CD$8:$CD$9<90,$CE$6:$CE$9=$CE$7,$CF$6>$CF$7,$CF$7>$CF$8,$CF$7>$CF$9),1,0)} -> 0 | DC7: {=IF(AND($CC$6:$CC$9=$CC$7,$CD$6>90,$CD$7:$CD$8<90,$CD$9>90,$CE$6:$CE$9=$CE$7,$CF$6>$CF$7,$CF$7=$CF$8,$CF$7>$CF$9),1,0)} -> 0 | DD7: {=IF(AND($CC$6:$CC$9=$CC$7,$CD$6:$CD$7<90,$CD$8:$CD$9>90,$CE$6:$CE$9=$CE$7,$CF$6=$CF$7,$CF$7>$CF$8,$CF$7>$CF$9),1,0)} -> 0 | DE7: {=IF(AND($CC$6:$CC$9=$CC$7,$CD$6:$CD$7>90,$CD$8:$CD$9<90,$CE$6:$CE$9=$CE$7,$CF$6>$CF$7,$CF$7:$CF$9=$CF$7),1,0)} -> 0 | DF7: {=IF(AND($CC$6:$CC$9=$CC$7,$CD$6:$CD$7<90,$CD$8:$CD$9>90,$CE$6:$CE$9=$CE$7,$CF$6:$CF$8=$CF$7,$CF$7>$CF$9),1,0)} -> 0 | DG7: {=IF(AND($CC$6:$CC$9=$CC$7,$CD$6>90,$CD$9>90,$CD$7:$CD$8<90,$CE$6:$CE$9=$CE$7,$CF$6>$CF$7:$CF$9,$CF$7:$CF$9=$CF$7),1,0)} -> 0 | EC7: 3 | ED7: 3 | EF7: 4
A8: {=IF(ROWS(A$5:A8)<=$C$4,INDEX(INDIRECT(A$4),SMALL(IF(Nivell=$B$4,ROW(Nivell)-ROW(Equipos!$C$2)+1),ROWS(B$4:B7))),"")} -> Paises Bajos | F8: =Horarios!C8 -> 44894.75 | G8: =Horarios!C8 -> 44894.75 | H8: J3 | I8: =A6 -> Ecuador | J8: =VLOOKUP(I8,Equipos!$H$2:$I$33,2,0) -> 🇪🇨 | K8: 1 | L8: 2 | M8: =VLOOKUP(N8,Equipos!$H$2:$I$33,2,0) -> 🇸🇳 | N8: =A7 -> Senegal | O8: =IF(NOT(OR(ISBLANK(K8),ISBLANK(L8))),1,0) -> 1 | Q8: 3 | R8: =VLOOKUP(Q8,$AG$6:$AI$9,3,0) -> Ecuador | S8: =VLOOKUP(R8,$AI$6:$AR$9,2,FALSE) -> 4 | T8: =VLOOKUP($R8,$AI$6:$AR$9,3,FALSE) -> 3 | U8: =VLOOKUP($R8,$AI$6:$AR$9,4,FALSE) -> 1 | V8: =VLOOKUP($R8,$AI$6:$AR$9,5,FALSE) -> 1 | W8: =VLOOKUP($R8,$AI$6:$AR$9,6,FALSE) -> 1 | X8: =VLOOKUP($R8,$AI$6:$AR$9,7,FALSE) -> 4 | Y8: =VLOOKUP($R8,$AI$6:$AR$9,8,FALSE) -> 3 | Z8: =VLOOKUP($R8,$AI$6:$AR$9,9,FALSE) -> 1 | AA8: =IF(SUM($AK$6:$AK$9)=12,MIN(ABS(BY7-BY8),ABS(BY8-BY9)),100) -> 2.217e+09 | AB8: =IF(AND(AA8>=0,AA8<90),VLOOKUP(Q8,$BU$6:$BV$9,2,0),"") | AF8: =VLOOKUP($R8,$AI$6:$AR$9,10,FALSE) -> 4.4532105e+09 | AG8: =RANK(AU8,$AU$6:$AU$9) -> 2 | AH8: =RANK(AR8,$AR$6:$AR$9) -> 2 | AI8: =A7 -> Senegal | AJ8: =AL8*3+AM8*1+AN8*0 -> 6 | AK8: =COUNTIFS($I$4:$I$65,AI8,$K$4:$K$65,"<>",$L$4:$L$65,"<>")+COUNTIFS($N$4:$N$65,AI8,$L$4:$L$65,"<>",$K$4:$K$65,"<>") -> 3 | AL8: {=SUM(($I$4:$I$65=AI8)*($K$4:$K$65<>"")*($L$4:$L$65<>"")*($K$4:$K$65>$L$4:$L$65),($N$4:$N$65=AI8)*($K$4:$K$65<>"")*($L$4:$L$65<>"")*($K$4:$K$65<$L$4:$L$65))} -> 2 | AM8: {=SUM(($I$4:$I$65=AI8)*($K$4:$K$65<>"")*($L$4:$L$65<>"")*($K$4:$K$65=$L$4:$L$65),($N$4:$N$65=AI8)*($K$4:$K$65<>"")*($L$4:$L$65<>"")*($K$4:$K$65=$L$4:$L$65))} -> 0 | AN8: {=SUM(($I$4:$I$65=AI8)*($L$4:$L$65<>"")*($K$4:$K$65<>"")*($K$4:$K$65<$L$4:$L$65),($K$4:$K$65<>"")*($N$4:$N$65=AI8)*($L$4:$L$65<>"")*($K$4:$K$65>$L$4:$L$65))} -> 1 | AO8: {=SUMIFS($K$4:$K$65,$I$4:$I$65,AI8,$K$4:$K$65,"<>",$L$4:$L$65,"<>")+SUMIFS($L$4:$L$65,$N$4:$N$65,AI8,$K$4:$K$65,"<>",$L$4:$L$65,"<>")} -> 4 | AP8: {=SUMIFS($K$4:$K$65,$N$4:$N$65,AI8,$K$4:$K$65,"<>",$L$4:$L$65,"<>")+SUMIFS($L$4:$L$65,$I$4:$I$65,AI8,$K$4:$K$65,"<>",$L$4:$L$65,"<>")} -> 4 | AQ8: =AO8-AP8 -> 0 | AR8: =IF(AK8=0,-($AW$11*VLOOKUP(AI8,Tabla3[[NombreEquipo]:[Rank]],3,FALSE)),AJ8*$AW$4+AQ8*$AW$5+AO8*$AW$6+BA8-($AW$11*VLOOKUP(AI8,Tabla3[[NombreEquipo]:[Rank]],3,FALSE)/100)) -> 6.6702105e+09 | AS8: =AH8 -> 2 | AU8: =IFERROR(AR8-VLOOKUP(AI8,$AB$6:$AC$9,2,0),AR8) -> 6.6702105e+09 | AV8: DG part | AW8: =AW9*20 -> 10000 | AY8: =AI8 -> Senegal | AZ8: =COUNTIF(AJ6:AJ9,AJ8) -> 1 | BA8: =(BB8*$AW$9)+(BH8*$AW$8)+(BN8*$AW$7) -> 210500 | BB8: =RANK(BC8,BC6:BC9,1) -> 1 | BC8: =SUM(IF(AND(AJ8=AJ9,AQ8=AQ9,AO8=AO9),BG8,0),IF(AND(AJ8=AJ6,AQ8=AQ6,AO8=AO6),BD8,0),IF(AND(AJ8=AJ7,AQ8=AQ7,AO8=AO7),BE8,0)) -> 0 | BD8: {=SUMIFS($K$4:$K$9,$I$4:$I$9,$AY8,$K$4:$K$9,"<>",$L$4:$L$9,"<>",$N$4:$N$9,BD5)+SUMIFS($L$4:$L$9,$I$4:$I$9,BD5,$K$4:$K$9,"<>",$L$4:$L$9,"<>",$N$4:$N$9,$AY8)} -> 2 | BE8: {=SUMIFS($K$4:$K$9,$I$4:$I$9,$AY8,$K$4:$K$9,"<>",$L$4:$L$9,"<>",$N$4:$N$9,BE5)+SUMIFS($L$4:$L$9,$I$4:$I$9,BE5,$K$4:$K$9,"<>",$L$4:$L$9,"<>",$N$4:$N$9,$AY8)} -> 2 | BF8: 0 | BG8: {=SUMIFS($K$4:$K$9,$I$4:$I$9,$AY8,$K$4:$K$9,"<>",$L$4:$L$9,"<>",$N$4:$N$9,BG5)+SUMIFS($L$4:$L$9,$I$4:$I$9,BG5,$K$4:$K$9,"<>",$L$4:$L$9,"<>",$N$4:$N$9,$AY8)} -> 0 | BH8: =RANK(BI8,BI6:BI9,1) -> 1 | BI8: =SUM(IF(AND(AJ8=AJ9,AQ8=AQ9,AO8=AO9),BM8,0),IF(AND(AJ8=AJ6,AQ8=AQ6,AO8=AO6),BJ8,0),IF(AND(AJ8=AJ7,AQ8=AQ7,AO8=AO7),BK8,0)) -> 0 | BJ8: =BD8-BF6 -> 1 | BK8: =BE8-BF7 -> 1 | BL8: 0 | BM8: =BG8-BF9 -> -2 | BN8: =RANK(BO8,BO6:BO9,1) -> 1 | BO8: =SUM(IF(AND(AJ8=AJ9,AQ8=AQ9,AO8=AO9),BS8,0),IF(AND(AJ8=AJ6,AQ8=AQ6,AO8=AO6),BP8,0),IF(AND(AJ8=AJ7,AQ8=AQ7,AO8=AO7),BQ8,0)) -> 0 | BP8: {=SUM((I$4:I$49=AY8)*(N$4:N$49=BP5)*(K$4:K$49<>"")*(L$4:L$49<>"")*(K$4:K$49>L$4:L$49)*3,(N$4:N$49=AY8)*(I$4:I$49=BP5)*(K$4:K$49<>"")*(L$4:L$49<>"")*(K$4:K$49=L$4:L$49)*1,(N$4:N$49=AY8)*(I$4:I$49=BP5)*(K$4:K$49<>"")*(L$4:L$49<>"")*(K$4:K$49<L$4:L$49)*3,(I$4:I$49=AY8)*(N$4:N$49=BP5)*(K$4:K$49<>"")*(L$4:L$49<>"")*(K$4:K$49=L$4:L$49)*1)} -> 3 | BQ8: {=SUM((I$4:I$49=AY8)*(N$4:N$49=BQ5)*(K$4:K$49<>"")*(L$4:L$49<>"")*(K$4:K$49>L$4:L$49)*3,(N$4:N$49=AY8)*(I$4:I$49=BQ5)*(K$4:K$49<>"")*(L$4:L$49<>"")*(K$4:K$49=L$4:L$49)*1,(N$4:N$49=AY8)*(I$4:I$49=BQ5)*(K$4:K$49<>"")*(L$4:L$49<>"")*(K$4:K$49<L$4:L$49)*3,(I$4:I$49=AY8)*(N$4:N$49=BQ5)*(K$4:K$49<>"")*(L$4:L$49<>"")*(K$4:K$49=L$4:L$49)*1)} -> 3 | BR8: 0 | BS8: {=SUM((I$4:I$49=AY8)*(N$4:N$49=BS5)*(K$4:K$49<>"")*(L$4:L$49<>"")*(K$4:K$49>L$4:L$49)*3,(N$4:N$49=AY8)*(I$4:I$49=BS5)*(K$4:K$49<>"")*(L$4:L$49<>"")*(K$4:K$49=L$4:L$49)*1,(N$4:N$49=AY8)*(I$4:I$49=BS5)*(K$4:K$49<>"")*(L$4:L$49<>"")*(K$4:K$49<L$4:L$49)*3,(I$4:I$49=AY8)*(N$4:N$49=BS5)*(K$4:K$49<>"")*(L$4:L$49<>"")*(K$4:K$49=L$4:L$49)*1)} -> 0 | BT8: 3 | BU8: =RANK(BW8,$BW$6:$BW$9) -> 2 | BV8: =A7 -> Senegal | BW8: =AR8 -> 6.6702105e+09 | BX8: =VLOOKUP(Q8,$AH$6:$AI$9,2,0) -> Ecuador | BY8: =VLOOKUP($BX8,$AI$6:$AR$9,10,FALSE) -> 4.4532105e+09 | CA8: 3 | CB8: =VLOOKUP(CA8,$AH$6:$AI$9,2,0) -> Ecuador | CC8: =VLOOKUP(CB8,$AI$6:$AR$9,2,FALSE) -> 4 | CD8: =IF(SUM($AK$6:$AK$9)=12,MIN(ABS(BY7-BY8),ABS(BY8-BY9)),100) -> 2.217e+09 | CE8: =VLOOKUP($CB8,$AI$6:$AR$9,9,FALSE) -> 1 | CF8: =VLOOKUP($CB8,$AI$6:$AR$9,7,FALSE) -> 4 | CH8: {=IF($CI$6=$CL$5,$EC$5:$EC$8,IF($CI$6=$CM$5,$ED$5:$ED$7,IF(OR($CI$6=$CN$5,$CI$6=$CR$5),$EG$5:$EG$6,IF($CI$6=$CP$5,$EF$5:$EF$7,(IF($CI$6=$CQ$5,$EH$5:$EH$6,$EK$5))))))} -> 3 | CK8: 3 | CL8: {=IF(AND($CC$6:$CC$9=$CC$8,$CD$6:$CD$9<90,$AQ$6:$AQ$9=$AQ$8,$CF$6:$CF$9=$CF$8),1,0)} -> 0 | CM8: {=IF(AND($CC$6:$CC$8=$CC$8,$CD$6:$CD$8<90,$CC$8<>$CC$9),1,0)} -> 0 | CN8: {=IF(AND($CC$8:$CC$9=$CC$8,$CD$8:$CD$9<90,$CC$8<>$CC$7),1,0)} -> 0 | CO8: {=IF(OR(AND($CC$8<>$CC$7,$CC$8<>$CC$9),AND($CC$8<>$CC$7,$CC$8=$CC$9,$CD$8>90,$CD$9>90)),1,0)} -> 1 | CP8: {=IF(AND($CC$7:$CC$9=$CC$7,$CD$7:$CD$9<90,$CC$6<>$CC$8),1,0)} -> 0 | CQ8: {=IF(AND($CC$7:$CC$8=$CC$8,$CD$7:$CD$8<90,$CC$8<>$CC$6,$CC$8<>$CC$9),1,0)} -> 0 | CR8: {=IF(AND($CC$8:$CC$9=$CC$8,$CD$8:$CD$9<90,$CC$8<>$CC$7),1,0)} -> 0 | CS8: {=IF(AND($CC$8<>$CC$7,$CC$8<>$CC$9),1,0)} -> 1 | CT8: {=IF(AND($CC$6:$CC$9=$CC$6,$CD$6:$CD$9<90,$CE$8:$CE$9=$CE$8,$CE$7<>$CE$8),1,0)} -> 0 | CU8: {=IF(AND($CC$6:$CC$9=$CC$6,$CD$6:$CD$9<90,$CE$6:$CE$9=$CE$6,$CF$8=$CF$9,$CF$7<>$CF$8),1,0)} -> 0 | CV8: {=IF(AND($CC$6:$CC$8=$CC$8,$CD$6:$CD$7<90,$CD$8>90),1,0)} -> 0 | CW8: {=IF(AND($CC$7<>$CC$6,$CC$7:$CC$9=$CC$8,$CD$7>90,$CD$8:$CD$9<90),1,0)} -> 0 | CX8: {=IF(AND($CC$7<>$CC$6,$CC$7:$CC$9=$CC$7,$CD$9>90,$CD$7:$CD$8<90),1,0)} -> 0 | CY8: {=IF(AND($CC$8<>$CC$9,$CC$6:$CC$8=$CC$8,$CD$6>90,$CD$7:$CD$8<90),1,0)} -> 0 | CZ8: {=IF(AND($CC$6:$CC$9=$CC$7,$CD$7:$CD$9<90,$CD$6<>$CD$8),1,0)} -> 0 | DA8: {=IF(AND($CC$6:$CC$9=$CC$8,$CD$6:$CD$8<90,$CD$8<>$CD$9),1,0)} -> 0 | DB8: {=IF(AND($CC$6:$CC$9=$CC$8,$CD$6:$CD$7>90,$CD$8:$CD$9<90,$CE$6:$CE$9=$CE$8,$CF$6>$CF$7,$CF$7>$CF$8,$CF$8=$CF$9),1,0)} -> 0 | DC8: {=IF(AND($CC$6:$CC$9=$CC$8,$CD$6>90,$CD$7:$CD$8<90,$CD$9>90,$CE$6:$CE$9=$CE$8,$CF$6>$CF$7,$CF$7=$CF$8,$CF$8>$CF$9),1,0)} -> 0 | DD8: {=IF(AND($CC$6:$CC$9=$CC$8,$CD$6:$CD$7<90,$CD$8:$CD$9>90,$CE$6:$CE$9=$CE$8,$CF$6=$CF$7,$CF$7>$CF$8,$CF$8>$CF$9),1,0)} -> 0 | DE8: {=IF(AND($CC$6:$CC$9=$CC$8,$CD$6:$CD$7>90,$CD$8:$CD$9<90,$CE$6:$CE$9=$CE$7,$CF$6>$CF$8,$CF$7:$CF$9=$CF$8),1,0)} -> 0 | DF8: {=IF(AND($CC$6:$CC$9=$CC$8,$CD$6:$CD$7<90,$CD$8:$CD$9>90,$CE$6:$CE$9=$CE$8,$CF$6:$CF$8=$CF$8,$CF$8>$CF$9),1,0)} -> 0 | DG8: {=IF(AND($CC$6:$CC$9=$CC$8,$CD$6>90,$CD$9>90,$CD$7:$CD$8<90,$CE$6:$CE$9=$CE$8,$CF$6>$CF$7:$CF$9,$CF$7:$CF$9=$CF$8),1,0)} -> 0 | EC8: 4
F9: =Horarios!C9 -> 44894.75 | G9: =Horarios!C9 -> 44894.75 | H9: J3 | I9: =A8 -> Paises Bajos | J9: =VLOOKUP(I9,Equipos!$H$2:$I$33,2,0) -> 🇳🇱 | K9: 2 | L9: 0 | M9: =VLOOKUP(N9,Equipos!$H$2:$I$33,2,0) -> 🇶🇦 | N9: =A5 -> Catar | O9: =IF(NOT(OR(ISBLANK(K9),ISBLANK(L9))),1,0) -> 1 | Q9: 4 | R9: =VLOOKUP(Q9,$AG$6:$AI$9,3,0) -> Catar | S9: =VLOOKUP(R9,$AI$6:$AR$9,2,FALSE) -> 0 | T9: =VLOOKUP($R9,$AI$6:$AR$9,3,FALSE) -> 3 | U9: =VLOOKUP($R9,$AI$6:$AR$9,4,FALSE) -> 0 | V9: =VLOOKUP($R9,$AI$6:$AR$9,5,FALSE) -> 0 | W9: =VLOOKUP($R9,$AI$6:$AR$9,6,FALSE) -> 3 | X9: =VLOOKUP($R9,$AI$6:$AR$9,7,FALSE) -> 1 | Y9: =VLOOKUP($R9,$AI$6:$AR$9,8,FALSE) -> 6 | Z9: =VLOOKUP($R9,$AI$6:$AR$9,9,FALSE) -> -5 | AA9: =IF(SUM($AK$6:$AK$9)=12,MIN(ABS(BY8-BY9),ABS(BY9-BY10)),100) -> 23789500 | AB9: =IF(AND(AA9>=0,AA9<90),VLOOKUP(Q9,$BU$6:$BV$9,2,0),"") | AF9: =VLOOKUP($R9,$AI$6:$AR$9,10,FALSE) -> -23789500 | AG9: =RANK(AU9,$AU$6:$AU$9) -> 1 | AH9: =RANK(AR9,$AR$6:$AR$9) -> 1 | AI9: =A8 -> Paises Bajos | AJ9: =AL9*3+AM9*1+AN9*0 -> 7 | AK9: =COUNTIFS($I$4:$I$65,AI9,$K$4:$K$65,"<>",$L$4:$L$65,"<>")+COUNTIFS($N$4:$N$65,AI9,$L$4:$L$65,"<>",$K$4:$K$65,"<>") -> 3 | AL9: {=SUM(($I$4:$I$65=AI9)*($K$4:$K$65<>"")*($L$4:$L$65<>"")*($K$4:$K$65>$L$4:$L$65),($N$4:$N$65=AI9)*($K$4:$K$65<>"")*($L$4:$L$65<>"")*($K$4:$K$65<$L$4:$L$65))} -> 2 | AM9: {=SUM(($I$4:$I$65=AI9)*($K$4:$K$65<>"")*($L$4:$L$65<>"")*($K$4:$K$65=$L$4:$L$65),($N$4:$N$65=AI9)*($K$4:$K$65<>"")*($L$4:$L$65<>"")*($K$4:$K$65=$L$4:$L$65))} -> 1 | AN9: {=SUM(($I$4:$I$65=AI9)*($L$4:$L$65<>"")*($K$4:$K$65<>"")*($K$4:$K$65<$L$4:$L$65),($K$4:$K$65<>"")*($N$4:$N$65=AI9)*($L$4:$L$65<>"")*($K$4:$K$65>$L$4:$L$65))} -> 0 | AO9: {=SUMIFS($K$4:$K$65,$I$4:$I$65,AI9,$K$4:$K$65,"<>",$L$4:$L$65,"<>")+SUMIFS($L$4:$L$65,$N$4:$N$65,AI9,$K$4:$K$65,"<>",$L$4:$L$65,"<>")} -> 5 | AP9: {=SUMIFS($K$4:$K$65,$N$4:$N$65,AI9,$K$4:$K$65,"<>",$L$4:$L$65,"<>")+SUMIFS($L$4:$L$65,$I$4:$I$65,AI9,$K$4:$K$65,"<>",$L$4:$L$65,"<>")} -> 1 | AQ9: =AO9-AP9 -> 4 | AR9: =IF(AK9=0,-($AW$11*VLOOKUP(AI9,Tabla3[[NombreEquipo]:[Rank]],3,FALSE)),AJ9*$AW$4+AQ9*$AW$5+AO9*$AW$6+BA9-($AW$11*VLOOKUP(AI9,Tabla3[[NombreEquipo]:[Rank]],3,FALSE)/100)) -> 7.8022105e+09 | AS9: =AH9 -> 1 | AU9: =IFERROR(AR9-VLOOKUP(AI9,$AB$6:$AC$9,2,0),AR9) -> 7.8022105e+09 | AV9: G part | AW9: =AW10*5 -> 500 | AY9: =AI9 -> Paises Bajos | AZ9: =COUNTIF(AJ6:AJ9,AJ9) -> 1 | BA9: =(BB9*$AW$9)+(BH9*$AW$8)+(BN9*$AW$7) -> 210500 | BB9: =RANK(BC9,BC6:BC9,1) -> 1 | BC9: =SUM(IF(AND(AJ9=AJ6,AQ9=AQ6,AO9=AO6),BD9,0),IF(AND(AJ9=AJ7,AQ9=AQ7,AO9=AO7),BE9,0),IF(AND(AJ9=AJ8,AQ9=AQ8,AO9=AO8),BF9,0)) -> 0 | BD9: {=SUMIFS($K$4:$K$9,$I$4:$I$9,$AY9,$K$4:$K$9,"<>",$L$4:$L$9,"<>",$N$4:$N$9,BD5)+SUMIFS($L$4:$L$9,$I$4:$I$9,BD5,$K$4:$K$9,"<>",$L$4:$L$9,"<>",$N$4:$N$9,$AY9)} -> 2 | BE9: {=SUMIFS($K$4:$K$9,$I$4:$I$9,$AY9,$K$4:$K$9,"<>",$L$4:$L$9,"<>",$N$4:$N$9,BE5)+SUMIFS($L$4:$L$9,$I$4:$I$9,BE5,$K$4:$K$9,"<>",$L$4:$L$9,"<>",$N$4:$N$9,$AY9)} -> 1 | BF9: {=SUMIFS($K$4:$K$9,$I$4:$I$9,$AY9,$K$4:$K$9,"<>",$L$4:$L$9,"<>",$N$4:$N$9,BF5)+SUMIFS($L$4:$L$9,$I$4:$I$9,BF5,$K$4:$K$9,"<>",$L$4:$L$9,"<>",$N$4:$N$9,$AY9)} -> 2 | BG9: 0 | BH9: =RANK(BI9,BI6:BI9,1) -> 1 | BI9: =SUM(IF(AND(AJ9=AJ6,AQ9=AQ6,AO9=AO6),BJ9,0),IF(AND(AJ9=AJ7,AQ9=AQ7,AO9=AO7),BK9,0),IF(AND(AJ9=AJ8,AQ9=AQ8,AO9=AO8),BL9,0)) -> 0 | BJ9: =BD9-BG6 -> 2 | BK9: =BE9-BG7 -> 0 | BL9: =BF9-BG8 -> 2 | BM9: 0 | BN9: =RANK(BO9,BO6:BO9,1) -> 1 | BO9: =SUM(IF(AND(AJ9=AJ6,AQ9=AQ6,AO9=AO6),BP9,0),IF(AND(AJ9=AJ7,AQ9=AQ7,AO9=AO7),BQ9,0),IF(AND(AJ9=AJ8,AQ9=AQ8,AO9=AO8),BR9,0)) -> 0 | BP9: {=SUM((I$4:I$49=AY9)*(N$4:N$49=BP5)*(K$4:K$49<>"")*(L$4:L$49<>"")*(K$4:K$49>L$4:L$49)*3,(N$4:N$49=AY9)*(I$4:I$49=BP5)*(K$4:K$49<>"")*(L$4:L$49<>"")*(K$4:K$49=L$4:L$49)*1,(N$4:N$49=AY9)*(I$4:I$49=BP5)*(K$4:K$49<>"")*(L$4:L$49<>"")*(K$4:K$49<L$4:L$49)*3,(I$4:I$49=AY9)*(N$4:N$49=BP5)*(K$4:K$49<>"")*(L$4:L$49<>"")*(K$4:K$49=L$4:L$49)*1)} -> 3 | BQ9: {=SUM((I$4:I$49=AY9)*(N$4:N$49=BQ5)*(K$4:K$49<>"")*(L$4:L$49<>"")*(K$4:K$49>L$4:L$49)*3,(N$4:N$49=AY9)*(I$4:I$49=BQ5)*(K$4:K$49<>"")*(L$4:L$49<>"")*(K$4:K$49=L$4:L$49)*1,(N$4:N$49=AY9)*(I$4:I$49=BQ5)*(K$4:K$49<>"")*(L$4:L$49<>"")*(K$4:K$49<L$4:L$49)*3,(I$4:I$49=AY9)*(N$4:N$49=BQ5)*(K$4:K$49<>"")*(L$4:L$49<>"")*(K$4:K$49=L$4:L$49)*1)} -> 1 | BR9: {=SUM((I$4:I$49=AY9)*(N$4:N$49=BR5)*(K$4:K$49<>"")*(L$4:L$49<>"")*(K$4:K$49>L$4:L$49)*3,(N$4:N$49=AY9)*(I$4:I$49=BR5)*(K$4:K$49<>"")*(L$4:L$49<>"")*(K$4:K$49=L$4:L$49)*1,(N$4:N$49=AY9)*(I$4:I$49=BR5)*(K$4:K$49<>"")*(L$4:L$49<>"")*(K$4:K$49<L$4:L$49)*3,(I$4:I$49=AY9)*(N$4:N$49=BR5)*(K$4:K$49<>"")*(L$4:L$49<>"")*(K$4:K$49=L$4:L$49)*1)} -> 3 | BS9: 0 | BT9: 4 | BU9: =RANK(BW9,$BW$6:$BW$9) -> 1 | BV9: =A8 -> Paises Bajos | BW9: =AR9 -> 7.8022105e+09 | BX9: =VLOOKUP(Q9,$AH$6:$AI$9,2,0) -> Catar | BY9: =VLOOKUP($BX9,$AI$6:$AR$9,10,FALSE) -> -23789500 | CA9: 4 | CB9: =VLOOKUP(CA9,$AH$6:$AI$9,2,0) -> Catar | CC9: =VLOOKUP(CB9,$AI$6:$AR$9,2,FALSE) -> 0 | CD9: =IF(SUM($AK$6:$AK$9)=12,MIN(ABS(BY8-BY9),ABS(BY9-BY10)),100) -> 23789500 | CE9: =VLOOKUP($CB9,$AI$6:$AR$9,9,FALSE) -> -5 | CF9: =VLOOKUP($CB9,$AI$6:$AR$9,7,FALSE) -> 1 | CH9: {=IF($CI$6=$CL$5,$EC$5:$EC$8,IF(OR($CI$6=$CN$5,$CI$6=$CR$5),$EG$5:$EG$6,IF($CI$6=$CP$5,$EF$5:$EF$7,$EL$5)))} -> 4 | CK9: 4 | CL9: {=IF(AND($CC$6:$CC$9=$CC$9,$CD$6:$CD$9<90,$AQ$6:$AQ$9=$AQ$9,$CF$6:$CF$9=$CF$9),1,0)} -> 0 | CM9: {=IF(AND($CC$6:$CC$8=$CC$6,$CD$6:$CD$8<90,$CD$9>90,$CC$6<>$CC$9),1,0)} -> 0 | CN9: {=IF(AND($CC$8:$CC$9=$CC$8,$CD$8:$CD$9<90,$CC$8<>$CC$7),1,0)} -> 0 | CO9: {=IF(AND($CC$9<>$CC$7,$CC$9<>$CC$6),1,0)} -> 1 | CP9: {=IF(AND($CC$7:$CC$9=$CC$7,$CD$7:$CD$9<90,$CC$6<>$CC$9),1,0)} -> 0 | CQ9: {=IF(AND($CC$9<>$CC$7,$CC$9<>$CC$6),1,0)} -> 1 | CR9: {=IF(AND($CC$8:$CC$9=$CC$8,$CD$8:$CD$9<90,$CC$8<>$CC$7),1,0)} -> 0 | CS9: {=IF(AND($CC$9<>$CC$7,$CC$9<>$CC$6),1,0)} -> 1 | CT9: {=IF(AND($CC$6:$CC$9=$CC$6,$CD$6:$CD$9<90,$CE$8:$CE$9=$CE$9,$CE$7<>$CE$9),1,0)} -> 0 | CU9: {=IF(AND($CC$6:$CC$9=$CC$6,$CD$6:$CD$9<90,$CE$6:$CE$9=$CE$6,$CF$8=$CF$9,$CF$7<>$CF$8),1,0)} -> 0 | CV9: {=IF(AND($CC$6:$CC$8=$CC$6,$CD$6:$CD$7<90,$CC$8<>$CC$9),1,0)} -> 0 | CW9: {=IF(AND($CC$7<>$CC$6,$CC$7:$CC$9=$CC$8,$CD$7>90,$CD$8:$CD$9<90),1,0)} -> 0 | CX9: {=IF(AND($CC$7<>$CC$6,$CC$7:$CC$9=$CC$7,$CD$9>90,$CD$7:$CD$8<90),1,0)} -> 0 | CY9: {=IF(AND($CC$9<>$CC$7,$CC$9<>$CC$8),1,0)} -> 1 | CZ9: {=IF(AND($CC$6:$CC$9=$CC$7,$CD$7:$CD$9<90,$CD$6<>$CD$9),1,0)} -> 0 | DA9: {=IF(AND($CC$6:$CC$9=$CC$6,$CD$6:$CD$8<90,$CD$8<>$CD$9),1,0)} -> 0 | DB9: {=IF(AND($CC$6:$CC$9=$CC$9,$CD$6:$CD$7>90,$CD$8:$CD$9<90,$CE$6:$CE$9=$CE$9,$CF$6>$CF$7,$CF$7>$CF$9,$CF$8=$CF$9),1,0)} -> 0 | DC9: {=IF(AND($CC$6:$CC$9=$CC$7,$CD$6>90,$CD$7:$CD$8<90,$CD$9>90,$CE$6:$CE$9=$CE$9,$CF$6>$CF$9,$CF$7=$CF$8,$CF$7>$CF$9),1,0)} -> 0 | DD9: {=IF(AND($CC$6:$CC$9=$CC$9,$CD$6:$CD$7<90,$CD$8:$CD$9>90,$CE$6:$CE$9=$CE$9,$CF$6=$CF$7,$CF$7>$CF$8,$CF$8>$CF$9),1,0)} -> 0 | DE9: {=IF(AND($CC$6:$CC$9=$CC$9,$CD$6:$CD$7>90,$CD$8:$CD$9<90,$CE$6:$CE$9=$CE$9,$CF$6>$CF$9,$CF$7:$CF$9=$CF$9),1,0)} -> 0 | DF9: {=IF(AND($CC$6:$CC$9=$CC$9,$CD$6:$CD$7<90,$CD$8:$CD$9>90,$CE$6:$CE$9=$CE$9,$CF$6:$CF$8=$CF$8,$CF$6:$CF$8>$CF$9),1,0)} -> 0 | DG9: {=IF(AND($CC$6:$CC$9=$CC$9,$CD$6>90,$CD$9>90,$CD$7:$CD$8<90,$CE$6:$CE$9=$CE$9,$CF$6>$CF$7:$CF$9,$CF$7:$CF$9=$CF$9),1,0)} -> 0
AV10: Victorias | AW10: 100 | SWE10: matejero
F11: =F3 -> Fecha | G11: =G3 -> Hora | H11: =H3 -> Jor. | I11: =I3 -> Casa | K11: Gol | L11: Gol | N11: =N3 -> Fuera | AV11: BOMBO | AW11: 1 | CL11: 1 | CM11: 12 | CN11: 18 | CO11: 19 | CP11: 13 | CQ11: 20 | CR11: 21 | CS11: 22 | CT11: 3 | CU11: 2 | CV11: 14 | CW11: 17 | CX11: 16 | CY11: 15 | CZ11: 4 | DA11: 5 | DB11: 10 | DC11: 8 | DD11: 6 | DE11: 11 | DF11: 7 | DG11: 9 | EC11: OP1 | ED11: OP2 | EE11: OP3 | EF11: OP4 | EG11: OP5 | EH11: OP6 | EI11: OP7 | EJ11: OP8 | EK11: OP9 | EL11: OP10
A12: NombreEquipo | B12: B | C12: =COUNTIF(Equipos!$C$2:$C$33,MUNDIAL!B12) -> 4 | E12: B | F12: =Horarios!C12 -> 44886.667 | G12: =Horarios!C12 -> 44886.667 | H12: J1 | I12: =A13 -> Inglaterra | J12: =VLOOKUP(I12,Equipos!$H$2:$I$33,2,0) -> 🏴󠁧󠁢󠁥󠁮󠁧󠁿 | K12: 6 | L12: 2 | M12: =VLOOKUP(N12,Equipos!$H$2:$I$33,2,0) -> 🇮🇷 | N12: =A14 -> Irán | O12: =IF(NOT(OR(ISBLANK(K12),ISBLANK(L12))),1,0) -> 1 | Q12: =CONCATENATE("Grupo"," ",B12) -> Grupo B | AB12: ¡EMPATE! Puedes seleccionar el orden de los empatados. | AH12: =CONCATENATE("Auxiliar - ",Q12) -> Auxiliar - Grupo B | AU12: NR | AY12: =CONCATENATE(Q12," - GOLAVERAGE") -> Grupo B - GOLAVERAGE | BB12: Goles - Partidos Cruzados | BH12: Diferencia de Goles - Partidos Cruzados | BN12: Puntos - Partidos Cruzados | CI12: Valor | CK12: Sum | CL12: =SUM(CL14:CL17) -> 0 | CM12: =SUM(CM14:CM17) -> 0 | CN12: =SUM(CN14:CN17) -> 0 | CO12: =SUM(CO14:CO17) -> 2 | CP12: =SUM(CP14:CP17) -> 0 | CQ12: =SUM(CQ14:CQ17) -> 2 | CR12: =SUM(CR14:CR17) -> 2 | CS12: =SUM(CS14:CS17) -> 4 | ... DG12: =SUM(DG14:DG17) -> 0 | EC12: 1234 | ED12: 123 | EE12: 12 | EF12: 234 | EG12: 34 | EH12: 23 | EI12: 1 | EJ12: 2 | EK12: 3 | EL12: 4
A13: {=IF(ROWS(A$13:A13)<=$C$12,INDEX(INDIRECT(A$12),SMALL(IF(Nivell=$B$12,ROW(Nivell)-ROW(Equipos!$C$2)+1),ROWS(B$12:B12))),"")} -> Inglaterra | F13: =Horarios!C13 -> 44886.917 | G13: =Horarios!C13 -> 44886.917 | H13: J1 | I13: =A15 -> Estados unidos | J13: =VLOOKUP(I13,Equipos!$H$2:$I$33,2,0) -> 🇺🇸 | K13: 1 | L13: 1 | M13: =VLOOKUP(N13,Equipos!$H$2:$I$33,2,0) -> 🏴󠁧󠁢󠁷󠁬󠁳󠁿 | N13: =A16 -> Gales | O13: =IF(NOT(OR(ISBLANK(K13),ISBLANK(L13))),1,0) -> 1 | Q13: Pos | R13: Selección | S13: Pts | T13: J | U13: G | V13: E | W13: P | X13: GF | Y13: GC | Z13: DG | AA13: =COUNTIF(AA14:AA17,"<100") -> 0 | AG13: NR | AH13: Puesto | AI13: Equipo | AJ13: Ptos | AK13: J | AL13: G | AM13: E | AN13: P | AO13: GF | AP13: GC | AQ13: Dif | AR13: Rank | AS13: Puesto | AY13: Equipo | AZ13: NEquipEqual | BA13: PUNTOS | BB13: Ranking Inv | BC13: Entre Iguales | BD13: =AY14 -> Inglaterra | BE13: =AY15 -> Irán | BF13: =AY16 -> Estados unidos | BG13: =AY17 -> Gales | BH13: Ranking Inv | BI13: Entre Iguales | BJ13: =BD13 -> Inglaterra | BK13: =BE13 -> Irán | BL13: =BF13 -> Estados unidos | BM13: =BG13 -> Gales | BN13: Ranking Inv | BO13: Entre Iguales | BP13: =BD13 -> Inglaterra | BQ13: =BE13 -> Irán | BR13: =BF13 -> Estados unidos | BS13: =BG13 -> Gales | BV13: Inicio | BX13: 1R | CB13: Equipo | CC13: Ptos | CD13: Signo | CE13: Dif | CF13: Gf | CK13: Com | CL13: COM_1 | CM13: COM_2 | CN13: COM_3 | CO13: COM_4 | CP13: COM_5 | CQ13: COM_6 | CR13: COM_7 | CS13: COM_8 | CT13: COM_3 | CU13: COM_3 | CV13: COM_4 | CW13: COM_7 | CX13: COM_6 | CY13: COM_6 | CZ13: COM_5 | DA13: COM_2 | DB13: COM_7 | DC13: COM_6 | DD13: COM_4 | DE13: COM_7 | DF13: COM_4 | DG13: COM_6 | EC13: 1 | ED13: 1 | EE13: 1 | EF13: 2 | EG13: 3 | EH13: 2 | EI13: 1 | EJ13: 2 | EK13: 3 | EL13: 4
A14: {=IF(ROWS(A$13:A14)<=$C$12,INDEX(INDIRECT(A$12),SMALL(IF(Nivell=$B$12,ROW(Nivell)-ROW(Equipos!$C$2)+1),ROWS(B$12:B13))),"")} -> Irán | F14: =Horarios!C14 -> 44890.542 | G14: =Horarios!C14 -> 44890.542 | H14: J2 | I14: =A16 -> Gales | J14: =VLOOKUP(I14,Equipos!$H$2:$I$33,2,0) -> 🏴󠁧󠁢󠁷󠁬󠁳󠁿 | K14: 0 | L14: 2 | M14: =VLOOKUP(N14,Equipos!$H$2:$I$33,2,0) -> 🇮🇷 | N14: =A14 -> Irán | O14: =IF(NOT(OR(ISBLANK(K14),ISBLANK(L14))),1,0) -> 1 | Q14: 1 | R14: =VLOOKUP(Q14,$AG$14:$AI$17,3,0) -> Inglaterra | S14: =VLOOKUP(R14,$AI$14:$AR$17,2,FALSE) -> 7 | T14: =VLOOKUP($R14,$AI$14:$AR$17,3,FALSE) -> 3 | U14: =VLOOKUP($R14,$AI$14:$AR$17,4,FALSE) -> 2 | V14: =VLOOKUP($R14,$AI$14:$AR$17,5,FALSE) -> 1 | W14: =VLOOKUP($R14,$AI$14:$AR$17,6,FALSE) -> 0 | X14: =VLOOKUP($R14,$AI$14:$AR$17,7,FALSE) -> 9 | Y14: =VLOOKUP($R14,$AI$14:$AR$17,8,FALSE) -> 2 | Z14: =VLOOKUP($R14,$AI$14:$AR$17,9,FALSE) -> 7 | AA14: =IF(SUM($AK$14:$AK$17)=12,MIN(ABS(BY13-BY14),ABS(BY14-BY15)),100) -> 2.259e+09 | AB14: =IF(AND(AA14>=0,AA14<90),VLOOKUP(Q14,$BU$14:$BV$17,2,0),"") | AF14: =VLOOKUP($R14,$AI$14:$AR$17,10,FALSE) -> 7.8212105e+09 | AG14: =RANK(AU14,$AU$14:$AU$17) -> 1 | AH14: =RANK(AR14,$AR$14:$AR$17) -> 1 | AI14: =A13 -> Inglaterra | AJ14: =AL14*3+AM14*1+AN14*0 -> 7 | AK14: =COUNTIFS($I$4:$I$65,AI14,$K$4:$K$65,"<>",$L$4:$L$65,"<>")+COUNTIFS($N$4:$N$65,AI14,$L$4:$L$65,"<>",$K$4:$K$65,"<>") -> 3 | AL14: {=SUM(($I$4:$I$65=AI14)*($K$4:$K$65<>"")*($L$4:$L$65<>"")*($K$4:$K$65>$L$4:$L$65),($N$4:$N$65=AI14)*($K$4:$K$65<>"")*($L$4:$L$65<>"")*($K$4:$K$65<$L$4:$L$65))} -> 2 | AM14: {=SUM(($I$4:$I$65=AI14)*($K$4:$K$65<>"")*($L$4:$L$65<>"")*($K$4:$K$65=$L$4:$L$65),($N$4:$N$65=AI14)*($K$4:$K$65<>"")*($L$4:$L$65<>"")*($K$4:$K$65=$L$4:$L$65))} -> 1 | AN14: {=SUM(($I$4:$I$65=AI14)*($L$4:$L$65<>"")*($K$4:$K$65<>"")*($K$4:$K$65<$L$4:$L$65),($K$4:$K$65<>"")*($N$4:$N$65=AI14)*($L$4:$L$65<>"")*($K$4:$K$65>$L$4:$L$65))} -> 0 | AO14: {=SUMIFS($K$4:$K$65,$I$4:$I$65,AI14,$K$4:$K$65,"<>",$L$4:$L$65,"<>")+SUMIFS($L$4:$L$65,$N$4:$N$65,AI14,$K$4:$K$65,"<>",$L$4:$L$65,"<>")} -> 9 | AP14: {=SUMIFS($K$4:$K$65,$N$4:$N$65,AI14,$K$4:$K$65,"<>",$L$4:$L$65,"<>")+SUMIFS($L$4:$L$65,$I$4:$I$65,AI14,$K$4:$K$65,"<>",$L$4:$L$65,"<>")} -> 2 | AQ14: =AO14-AP14 -> 7 | AR14: =IF(AK14=0,-($AW$11*VLOOKUP(AI14,Tabla3[[NombreEquipo]:[Rank]],3,FALSE)),AJ14*$AW$4+AQ14*$AW$5+AO14*$AW$6+BA14-($AW$11*VLOOKUP(AI14,Tabla3[[NombreEquipo]:[Rank]],3,FALSE)/100)) -> 7.8212105e+09 | AS14: =AH14 -> 1 | AU14: =IFERROR(AR14-VLOOKUP(AI14,$AB$14:$AC$17,2,0),AR14) -> 7.8212105e+09 | AY14: =AI14 -> Inglaterra | AZ14: =COUNTIF(AJ14:AJ17,AJ14) -> 1 | BA14: =(BB14*$AW$9)+(BH14*$AW$8)+(BN14*$AW$7) -> 210500 | BB14: =RANK(BC14,BC14:BC17,1) -> 1 | BC14: =SUM(IF(AND(AJ14=AJ15,AQ14=AQ15,AO14=AO15),BE14,0),IF(AND(AJ14=AJ16,AQ14=AQ16,AO14=AO16),BF14,0),IF(AND(AJ14=AJ17,AQ14=AQ17,AO14=AO17),BG14,0)) -> 0 | BD14: 0 | BE14: {=SUMIFS($K$12:$K$17,$I$12:$I$17,$AY14,$K$12:$K$17,"<>",$L$12:$L$17,"<>",$N$12:$N$17,BE13)+SUMIFS($L$12:$L$17,$I$12:$I$17,BE13,$K$12:$K$17,"<>",$L$12:$L$17,"<>",$N$12:$N$17,$AY14)} -> 6 | BF14: {=SUMIFS($K$12:$K$17,$I$12:$I$17,$AY14,$K$12:$K$17,"<>",$L$12:$L$17,"<>",$N$12:$N$17,BF13)+SUMIFS($L$12:$L$17,$I$12:$I$17,BF13,$K$12:$K$17,"<>",$L$12:$L$17,"<>",$N$12:$N$17,$AY14)} -> 0 | BG14: {=SUMIFS($K$12:$K$17,$I$12:$I$17,$AY14,$K$12:$K$17,"<>",$L$12:$L$17,"<>",$N$12:$N$17,BG13)+SUMIFS($L$12:$L$17,$I$12:$I$17,BG13,$K$12:$K$17,"<>",$L$12:$L$17,"<>",$N$12:$N$17,$AY14)} -> 3 | BH14: =RANK(BI14,BI14:BI17,1) -> 1 | BI14: =SUM(IF(AND(AJ14=AJ15,AQ14=AQ15,AO14=AO15),BK14,0),IF(AND(AJ14=AJ16,AQ14=AQ16,AO14=AO16),BL14,0),IF(AND(AJ14=AJ17,AQ14=AQ17,AO14=AO17),BM14,0)) -> 0 | BJ14: 0 | BK14: =BE14-BD15 -> 4 | BL14: =BF14-BD16 -> 0 | BM14: =BG14-BD17 -> 3 | BN14: =RANK(BO14,BO14:BO17,1) -> 1 | BO14: =SUM(IF(AND(AJ14=AJ15,AQ14=AQ15,AO14=AO15),BQ14,0),IF(AND(AJ14=AJ16,AQ14=AQ16,AO14=AO16),BR14,0),IF(AND(AJ14=AJ17,AQ14=AQ17,AO14=AO17),BS14,0)) -> 0 | BP14: 0 | BQ14: {=SUM((I$4:I$49=AY14)*(N$4:N$49=BQ13)*(K$4:K$49<>"")*(L$4:L$49<>"")*(K$4:K$49>L$4:L$49)*3,(N$4:N$49=AY14)*(I$4:I$49=BQ13)*(K$4:K$49<>"")*(L$4:L$49<>"")*(K$4:K$49=L$4:L$49)*1,(N$4:N$49=AY14)*(I$4:I$49=BQ13)*(K$4:K$49<>"")*(L$4:L$49<>"")*(K$4:K$49<L$4:L$49)*3,(I$4:I$49=AY14)*(N$4:N$49=BQ13)*(K$4:K$49<>"")*(L$4:L$49<>"")*(K$4:K$49=L$4:L$49)*1)} -> 3 | BR14: {=SUM((I$4:I$49=AY14)*(N$4:N$49=BR13)*(K$4:K$49<>"")*(L$4:L$49<>"")*(K$4:K$49>L$4:L$49)*3,(N$4:N$49=AY14)*(I$4:I$49=BR13)*(K$4:K$49<>"")*(L$4:L$49<>"")*(K$4:K$49=L$4:L$49)*1,(N$4:N$49=AY14)*(I$4:I$49=BR13)*(K$4:K$49<>"")*(L$4:L$49<>"")*(K$4:K$49<L$4:L$49)*3,(I$4:I$49=AY14)*(N$4:N$49=BR13)*(K$4:K$49<>"")*(L$4:L$49<>"")*(K$4:K$49=L$4:L$49)*1)} -> 1 | BS14: {=SUM((I$4:I$49=AY14)*(N$4:N$49=BS13)*(K$4:K$49<>"")*(L$4:L$49<>"")*(K$4:K$49>L$4:L$49)*3,(N$4:N$49=AY14)*(I$4:I$49=BS13)*(K$4:K$49<>"")*(L$4:L$49<>"")*(K$4:K$49=L$4:L$49)*1,(N$4:N$49=AY14)*(I$4:I$49=BS13)*(K$4:K$49<>"")*(L$4:L$49<>"")*(K$4:K$49<L$4:L$49)*3,(I$4:I$49=AY14)*(N$4:N$49=BS13)*(K$4:K$49<>"")*(L$4:L$49<>"")*(K$4:K$49=L$4:L$49)*1)} -> 3 | BT14: 1 | BU14: =RANK(BW14,$BW$14:$BW$17) -> 1 | BV14: =A13 -> Inglaterra | BW14: =AR14 -> 7.8212105e+09 | BX14: =VLOOKUP(Q14,$AH$14:$AI$17,2,0) -> Inglaterra | BY14: =VLOOKUP($BX14,$AI$14:$AR$17,10,FALSE) -> 7.8212105e+09 | CA14: 1 | CB14: =VLOOKUP(CA14,$AH$14:$AI$17,2,0) -> Inglaterra | CC14: =VLOOKUP(CB14,$AI$14:$AR$17,2,FALSE) -> 7 | CD14: =IF(SUM($AK$14:$AK$17)=12,MIN(ABS(BY13-BY14),ABS(BY14-BY15)),100) -> 2.259e+09 | CE14: =VLOOKUP($CB14,$AI$14:$AR$17,9,FALSE) -> 7 | CF14: =VLOOKUP($CB14,$AI$14:$AR$17,7,FALSE) -> 9 | CH14: {=IF($CI$14=$CL$13,$EC$13:$EC$16,IF($CI$14=$CM$13,$ED$13:$ED$15,IF(OR($CI$14=$CN$13,$CI$14=$CO$13),$EE$13:$EE$14,$EI$13)))} -> 1 | CI14: =IFERROR(HLOOKUP(4,CL12:DI13,2,0),CS13) -> COM_8 | CK14: 1 | CL14: {=IF(AND($CC$14:$CC$17=$CC$14,$CD$14:$CD$17<90,$AQ$14:$AQ$17=$AQ$14,$CF$14:$CF$17=$CF$14),1,0)} -> 0 | CM14: {=IF(AND($CC$14:$CC$16=$CC$14,$CD$14:$CD$16<90,$CC$14<>$CC$17),1,0)} -> 0 | CN14: {=IF(AND($CC$14:$CC$15=$CC$14,$CD$14:$CD$15<90,$CC$14<>$CC$16),1,0)} -> 0 | CO14: {=IF(AND($CC$14:$CC$15=$CC$14,$CD$14:$CD$15<90,$CC$14<>$CC$16),1,0)} -> 0 | CP14: {=IF(AND($CC$15:$CC$17=$CC$15,$CD$15:$CD$17<90,$CC$14<>$CC$15),1,0)} -> 0 | CQ14: {=IF(AND($CC$14<>$CC$15,$CC$14<>$CC$17),1,0)} -> 1 | CR14: {=IF(AND($CC$14<>$CC$15,$CC$14<>$CC$17),1,0)} -> 1 | CS14: {=IF(AND($CC$14<>$CC$15,$CC$14<>$CC$17),1,0)} -> 1 | CT14: {=IF(AND($CC$14:$CC$17=$CC$14,$CD$14:$CD$17<90,$CE$14:$CE$15=$CE$14,$CE$14<>$CE$16),1,0)} -> 0 | CU14: {=IF(AND($CC$14:$CC$17=$CC$14,$CD$14:$CD$17<90,$CE$14:$CE$17=$CE$14,$CF$14=$CF$15,$CF$14<>$CF$16),1,0)} -> 0 | CV14: {=IF(AND($CC$14:$CC$16=$CC$14,$CD$14:$CD$15<90,$CD$16>90),1,0)} -> 0 | CW14: {=IF(AND($CC$14<>$CC$15,$CC$14<>$CC$16),1,0)} -> 1 | CX14: {=IF(AND($CC$14<>$CC$15,$CC$14<>$CC$16),1,0)} -> 1 | CY14: {=IF(AND($CC$14<>$CC$17,$CC$14:$CC$16=$CC$14,$CD$14>90,$CD$15:$CD$16<90),1,0)} -> 0 | CZ14: {=IF(AND($CC$14:$CC$17=$CC$14,$CD$15:$CD$17<90,$CD$14<>$CD$15),1,0)} -> 0 | DA14: {=IF(AND($CC$14:$CC$17=$CC$14,$CD$14:$CD$16<90,$CD$14<>$CD$17),1,0)} -> 0 | DB14: {=IF(AND($CC$14:$CC$17=$CC$14,$CD$14:$CD$15>90,$CD$16:$CD$17<90,$CE$14:$CE$17=$CE$14,$CF$14>$CF$15,$CF$14>$CF$16,$CF$14>$CF$17),1,0)} -> 0 | DC14: {=IF(AND($CC$14:$CC$17=$CC$14,$CD$14>90,$CD$15:$CD$16<90,$CD$17>90,$CE$14:$CE$17=$CE$14,$CF$14>$CF$15,$CF$14>$CF$16,$CF$14>$CF$17),1,0)} -> 0 | DD14: {=IF(AND($CC$14:$CC$17=$CC$14,$CD$14:$CD$15<90,$CD$16:$CD$17>90,$CE$14:$CE$17=$CE$14,$CF$14=$CF$15,$CF$14>$CF$16,$CF$14>$CF$17),1,0)} -> 0 | DE14: {=IF(AND($CC$14:$CC$17=$CC$14,$CD$14:$CD$15>90,$CD$16:$CD$17<90,$CE$14:$CE$17=$CE$14,$CF$14>$CF$15,$CF$15:$CF$17=$CF$15),1,0)} -> 0 | DF14: {=IF(AND($CC$14:$CC$17=$CC$14,$CD$14:$CD$15<90,$CD$16:$CD$17>90,$CE$14:$CE$17=$CE$14,$CF$14:$CF$16=$CF$14,$CF$14>$CF$17),1,0)} -> 0 | DG14: {=IF(AND($CC$14:$CC$17=$CC$14,$CD$14>90,$CD$17>90,$CD$15:$CD$16<90,$CE$14:$CE$17=$CE$14,$CF$14>$CF$15:$CF$17),1,0)} -> 0 | EC14: 2 | ED14: 2 | EE14: 2 | EF14: 3 | EG14: 4 | EH14: 3 | HJU14: matejero
A15: {=IF(ROWS(A$13:A15)<=$C$12,INDEX(INDIRECT(A$12),SMALL(IF(Nivell=$B$12,ROW(Nivell)-ROW(Equipos!$C$2)+1),ROWS(B$12:B14))),"")} -> Estados unidos | F15: =Horarios!C15 -> 44890.917 | G15: =Horarios!C15 -> 44890.917 | H15: J2 | I15: =A13 -> Inglaterra | J15: =VLOOKUP(I15,Equipos!$H$2:$I$33,2,0) -> 🏴󠁧󠁢󠁥󠁮󠁧󠁿 | K15: 0 | L15: 0 | M15: =VLOOKUP(N15,Equipos!$H$2:$I$33,2,0) -> 🇺🇸 | N15: =A15 -> Estados unidos | O15: =IF(NOT(OR(ISBLANK(K15),ISBLANK(L15))),1,0) -> 1 | Q15: 2 | R15: =VLOOKUP(Q15,$AG$14:$AI$17,3,0) -> Estados unidos | S15: =VLOOKUP(R15,$AI$14:$AR$17,2,FALSE) -> 5 | T15: =VLOOKUP($R15,$AI$14:$AR$17,3,FALSE) -> 3 | U15: =VLOOKUP($R15,$AI$14:$AR$17,4,FALSE) -> 1 | V15: =VLOOKUP($R15,$AI$14:$AR$17,5,FALSE) -> 2 | W15: =VLOOKUP($R15,$AI$14:$AR$17,6,FALSE) -> 0 | X15: =VLOOKUP($R15,$AI$14:$AR$17,7,FALSE) -> 2 | Y15: =VLOOKUP($R15,$AI$14:$AR$17,8,FALSE) -> 1 | Z15: =VLOOKUP($R15,$AI$14:$AR$17,9,FALSE) -> 1 | AA15: =IF(SUM($AK$14:$AK$17)=12,MIN(ABS(BY14-BY15),ABS(BY15-BY16)),100) -> 2.24e+09 | AB15: =IF(AND(AA15>=0,AA15<90),VLOOKUP(Q15,$BU$14:$BV$17,2,0),"") | AF15: =VLOOKUP($R15,$AI$14:$AR$17,10,FALSE) -> 5.5622105e+09 | AG15: =RANK(AU15,$AU$14:$AU$17) -> 3 | AH15: =RANK(AR15,$AR$14:$AR$17) -> 3 | AI15: =A14 -> Irán | AJ15: =AL15*3+AM15*1+AN15*0 -> 3 | AK15: =COUNTIFS($I$4:$I$65,AI15,$K$4:$K$65,"<>",$L$4:$L$65,"<>")+COUNTIFS($N$4:$N$65,AI15,$L$4:$L$65,"<>",$K$4:$K$65,"<>") -> 3 | AL15: {=SUM(($I$4:$I$65=AI15)*($K$4:$K$65<>"")*($L$4:$L$65<>"")*($K$4:$K$65>$L$4:$L$65),($N$4:$N$65=AI15)*($K$4:$K$65<>"")*($L$4:$L$65<>"")*($K$4:$K$65<$L$4:$L$65))} -> 1 | AM15: {=SUM(($I$4:$I$65=AI15)*($K$4:$K$65<>"")*($L$4:$L$65<>"")*($K$4:$K$65=$L$4:$L$65),($N$4:$N$65=AI15)*($K$4:$K$65<>"")*($L$4:$L$65<>"")*($K$4:$K$65=$L$4:$L$65))} -> 0 | AN15: {=SUM(($I$4:$I$65=AI15)*($L$4:$L$65<>"")*($K$4:$K$65<>"")*($K$4:$K$65<$L$4:$L$65),($K$4:$K$65<>"")*($N$4:$N$65=AI15)*($L$4:$L$65<>"")*($K$4:$K$65>$L$4:$L$65))} -> 2 | AO15: {=SUMIFS($K$4:$K$65,$I$4:$I$65,AI15,$K$4:$K$65,"<>",$L$4:$L$65,"<>")+SUMIFS($L$4:$L$65,$N$4:$N$65,AI15,$K$4:$K$65,"<>",$L$4:$L$65,"<>")} -> 4 | AP15: {=SUMIFS($K$4:$K$65,$N$4:$N$65,AI15,$K$4:$K$65,"<>",$L$4:$L$65,"<>")+SUMIFS($L$4:$L$65,$I$4:$I$65,AI15,$K$4:$K$65,"<>",$L$4:$L$65,"<>")} -> 7 | AQ15: =AO15-AP15 -> -3 | AR15: =IF(AK15=0,-($AW$11*VLOOKUP(AI15,Tabla3[[NombreEquipo]:[Rank]],3,FALSE)),AJ15*$AW$4+AQ15*$AW$5+AO15*$AW$6+BA15-($AW$11*VLOOKUP(AI15,Tabla3[[NombreEquipo]:[Rank]],3,FALSE)/100)) -> 3.3222105e+09 | AS15: =AH15 -> 3 | AU15: =IFERROR(AR15-VLOOKUP(AI15,$AB$14:$AC$17,2,0),AR15) -> 3.3222105e+09 | AY15: =AI15 -> Irán | AZ15: =COUNTIF(AJ14:AJ17,AJ15) -> 1 | BA15: =(BB15*$AW$9)+(BH15*$AW$8)+(BN15*$AW$7) -> 210500 | BB15: =RANK(BC15,BC14:BC17,1) -> 1 | BC15: =SUM(IF(AND(AJ15=AJ16,AQ15=AQ16,AO15=AO16),BF15,0),IF(AND(AJ15=AJ17,AQ15=AQ17,AO15=AO17),BG15,0),IF(AND(AJ15=AJ14,AQ15=AQ14,AO15=AO14),BD15,0)) -> 0 | BD15: {=SUMIFS($K$12:$K$17,$I$12:$I$17,$AY15,$K$12:$K$17,"<>",$L$12:$L$17,"<>",$N$12:$N$17,BD13)+SUMIFS($L$12:$L$17,$I$12:$I$17,BD13,$K$12:$K$17,"<>",$L$12:$L$17,"<>",$N$12:$N$17,$AY15)} -> 2 | BE15: 0 | BF15: {=SUMIFS($K$12:$K$17,$I$12:$I$17,$AY15,$K$12:$K$17,"<>",$L$12:$L$17,"<>",$N$12:$N$17,BF13)+SUMIFS($L$12:$L$17,$I$12:$I$17,BF13,$K$12:$K$17,"<>",$L$12:$L$17,"<>",$N$12:$N$17,$AY15)} -> 0 | BG15: {=SUMIFS($K$12:$K$17,$I$12:$I$17,$AY15,$K$12:$K$17,"<>",$L$12:$L$17,"<>",$N$12:$N$17,BG13)+SUMIFS($L$12:$L$17,$I$12:$I$17,BG13,$K$12:$K$17,"<>",$L$12:$L$17,"<>",$N$12:$N$17,$AY15)} -> 2 | BH15: =RANK(BI15,BI14:BI17,1) -> 1 | BI15: =SUM(IF(AND(AJ15=AJ16,AQ15=AQ16,AO15=AO16),BL15,0),IF(AND(AJ15=AJ17,AQ15=AQ17,AO15=AO17),BM15,0),IF(AND(AJ15=AJ14,AQ15=AQ14,AO15=AO14),BJ15,0)) -> 0 | BJ15: =BD15-BE14 -> -4 | BK15: 0 | BL15: =BF15-BE16 -> -1 | BM15: =BG15-BE17 -> 2 | BN15: =RANK(BO15,BO14:BO17,1) -> 1 | BO15: =SUM(IF(AND(AJ15=AJ16,AQ15=AQ16,AO15=AO16),BR15,0),IF(AND(AJ15=AJ17,AQ15=AQ17,AO15=AO17),BS15,0),IF(AND(AJ15=AJ14,AQ15=AQ14,AO15=AO14),BP15,0)) -> 0 | BP15: {=SUM((I$4:I$49=AY15)*(N$4:N$49=BP13)*(K$4:K$49<>"")*(L$4:L$49<>"")*(K$4:K$49>L$4:L$49)*3,(N$4:N$49=AY15)*(I$4:I$49=BP13)*(K$4:K$49<>"")*(L$4:L$49<>"")*(K$4:K$49=L$4:L$49)*1,(N$4:N$49=AY15)*(I$4:I$49=BP13)*(K$4:K$49<>"")*(L$4:L$49<>"")*(K$4:K$49<L$4:L$49)*3,(I$4:I$49=AY15)*(N$4:N$49=BP13)*(K$4:K$49<>"")*(L$4:L$49<>"")*(K$4:K$49=L$4:L$49)*1)} -> 0 | BQ15: 0 | BR15: {=SUM((I$4:I$49=AY15)*(N$4:N$49=BR13)*(K$4:K$49<>"")*(L$4:L$49<>"")*(K$4:K$49>L$4:L$49)*3,(N$4:N$49=AY15)*(I$4:I$49=BR13)*(K$4:K$49<>"")*(L$4:L$49<>"")*(K$4:K$49=L$4:L$49)*1,(N$4:N$49=AY15)*(I$4:I$49=BR13)*(K$4:K$49<>"")*(L$4:L$49<>"")*(K$4:K$49<L$4:L$49)*3,(I$4:I$49=AY15)*(N$4:N$49=BR13)*(K$4:K$49<>"")*(L$4:L$49<>"")*(K$4:K$49=L$4:L$49)*1)} -> 0 | BS15: {=SUM((I$4:I$49=AY15)*(N$4:N$49=BS13)*(K$4:K$49<>"")*(L$4:L$49<>"")*(K$4:K$49>L$4:L$49)*3,(N$4:N$49=AY15)*(I$4:I$49=BS13)*(K$4:K$49<>"")*(L$4:L$49<>"")*(K$4:K$49=L$4:L$49)*1,(N$4:N$49=AY15)*(I$4:I$49=BS13)*(K$4:K$49<>"")*(L$4:L$49<>"")*(K$4:K$49<L$4:L$49)*3,(I$4:I$49=AY15)*(N$4:N$49=BS13)*(K$4:K$49<>"")*(L$4:L$49<>"")*(K$4:K$49=L$4:L$49)*1)} -> 3 | BT15: 2 | BU15: =RANK(BW15,$BW$14:$BW$17) -> 3 | BV15: =A14 -> Irán | BW15: =AR15 -> 3.3222105e+09 | BX15: =VLOOKUP(Q15,$AH$14:$AI$17,2,0) -> Estados unidos | BY15: =VLOOKUP($BX15,$AI$14:$AR$17,10,FALSE) -> 5.5622105e+09 | CA15: 2 | CB15: =VLOOKUP(CA15,$AH$14:$AI$17,2,0) -> Estados unidos | CC15: =VLOOKUP(CB15,$AI$14:$AR$17,2,FALSE) -> 5 | CD15: =IF(SUM($AK$14:$AK$17)=12,MIN(ABS(BY14-BY15),ABS(BY15-BY16)),100) -> 2.24e+09 | CE15: =VLOOKUP($CB15,$AI$14:$AR$17,9,FALSE) -> 1 | CF15: =VLOOKUP($CB15,$AI$14:$AR$17,7,FALSE) -> 2 | CH15: {=IF($CI$14=$CL$13,$EC$13:$EC$16,IF($CI$14=$CM$13,$ED$13:$ED$15,IF(OR($CI$14=$CN$13,$CI$14=$CO$13),$EE$13:$EE$14,IF($CI$14=$CP$13,$EF$13:$EF$15,(IF($CI$14=$CQ$13,$EH$13:$EH$14,$EJ$13))))))} -> 2 | CK15: 2 | CL15: {=IF(AND($CC$14:$CC$17=$CC$15,$CD$14:$CD$17<90,$AQ$14:$AQ$17=$AQ$15,$CF$14:$CF$17=$CF$15),1,0)} -> 0 | CM15: {=IF(AND($CC$14:$CC$16=$CC$15,$CD$14:$CD$16<90,$CC$15<>$CC$17),1,0)} -> 0 | CN15: {=IF(AND($CC$14:$CC$15=$CC$14,$CD$14:$CD$15<90,$CC$14<>$CC$16),1,0)} -> 0 | CO15: {=IF(AND($CC$14:$CC$15=$CC$14,$CD$14:$CD$15<90,$CC$14<>$CC$16),1,0)} -> 0 | CP15: {=IF(AND($CC$15:$CC$17=$CC$15,$CD$15:$CD$17<90,$CC$14<>$CC$15),1,0)} -> 0 | CQ15: {=IF(AND($CC$15:$CC$16=$CC$15,$CD$15:$CD$16<90,$CC$15<>$CC$14,$CC$15<>$CC$17),1,0)} -> 0 | CR15: {=IF(AND($CC$15<>$CC$14,$CC$15<>$CC$16),1,0)} -> 1 | CS15: {=IF(AND($CC$15<>$CC$14,$CC$15<>$CC$16),1,0)} -> 1 | CT15: {=IF(AND($CC$14:$CC$17=$CC$14,$CD$14:$CD$17<90,$CE$14:$CE$15=$CE$14,$CE$15<>$CE$16),1,0)} -> 0 | CU15: {=IF(AND($CC$14:$CC$17=$CC$14,$CD$14:$CD$17<90,$CE$14:$CE$17=$CE$14,$CF$14=$CF$15,$CF$15<>$CF$16),1,0)} -> 0 | CV15: {=IF(AND($CC$14:$CC$16=$CC$15,$CD$14:$CD$15<90,$CD$16>90),1,0)} -> 0 | CW15: {=IF(AND($CC$15<>$CC$14,$CC$15:$CC$17=$CC$15,$CD$15>90,$CD$16:$CD$17<90),1,0)} -> 0 | CX15: {=IF(AND($CC$15<>$CC$14,$CC$15:$CC$17=$CC$15,$CD$17>90,$CD$15:$CD$16<90),1,0)} -> 0 | CY15: {=IF(AND($CC$15<>$CC$17,$CC$14:$CC$16=$CC$15,$CD$14>90,$CD$15:$CD$16<90),1,0)} -> 0 | CZ15: {=IF(AND($CC$14:$CC$17=$CC$15,$CD$15:$CD$17<90,$CD$14<>$CD$15),1,0)} -> 0 | DA15: {=IF(AND($CC$14:$CC$17=$CC$15,$CD$14:$CD$16<90,$CD$15<>$CD$17),1,0)} -> 0 | DB15: {=IF(AND($CC$14:$CC$17=$CC$15,$CD$14:$CD$15>90,$CD$16:$CD$17<90,$CE$14:$CE$17=$CE$15,$CF$14>$CF$15,$CF$15>$CF$16,$CF$15>$CF$17),1,0)} -> 0 | DC15: {=IF(AND($CC$14:$CC$17=$CC$15,$CD$14>90,$CD$15:$CD$16<90,$CD$17>90,$CE$14:$CE$17=$CE$15,$CF$14>$CF$15,$CF$15=$CF$16,$CF$15>$CF$17),1,0)} -> 0 | DD15: {=IF(AND($CC$14:$CC$17=$CC$15,$CD$14:$CD$15<90,$CD$16:$CD$17>90,$CE$14:$CE$17=$CE$15,$CF$14=$CF$15,$CF$15>$CF$16,$CF$15>$CF$17),1,0)} -> 0 | DE15: {=IF(AND($CC$14:$CC$17=$CC$15,$CD$14:$CD$15>90,$CD$16:$CD$17<90,$CE$14:$CE$17=$CE$15,$CF$14>$CF$15,$CF$15:$CF$17=$CF$15),1,0)} -> 0 | DF15: {=IF(AND($CC$14:$CC$17=$CC$15,$CD$14:$CD$15<90,$CD$16:$CD$17>90,$CE$14:$CE$17=$CE$15,$CF$14:$CF$16=$CF$15,$CF$15>$CF$17),1,0)} -> 0 | DG15: {=IF(AND($CC$14:$CC$17=$CC$15,$CD$14>90,$CD$17>90,$CD$15:$CD$16<90,$CE$14:$CE$17=$CE$15,$CF$14>$CF$15:$CF$17,$CF$15:$CF$17=$CF$15),1,0)} -> 0 | EC15: 3 | ED15: 3 | EF15: 4
A16: {=IF(ROWS(A$13:A16)<=$C$12,INDEX(INDIRECT(A$12),SMALL(IF(Nivell=$B$12,ROW(Nivell)-ROW(Equipos!$C$2)+1),ROWS(B$12:B15))),"")} -> Gales | F16: =Horarios!C16 -> 44894.917 | G16: =Horarios!C16 -> 44894.917 | H16: J3 | I16: =A16 -> Gales | J16: =VLOOKUP(I16,Equipos!$H$2:$I$33,2,0) -> 🏴󠁧󠁢󠁷󠁬󠁳󠁿 | K16: 0 | L16: 3 | M16: =VLOOKUP(N16,Equipos!$H$2:$I$33,2,0) -> 🏴󠁧󠁢󠁥󠁮󠁧󠁿 | N16: =A13 -> Inglaterra | O16: =IF(NOT(OR(ISBLANK(K16),ISBLANK(L16))),1,0) -> 1 | Q16: 3 | R16: =VLOOKUP(Q16,$AG$14:$AI$17,3,0) -> Irán | S16: =VLOOKUP(R16,$AI$14:$AR$17,2,FALSE) -> 3 | T16: =VLOOKUP($R16,$AI$14:$AR$17,3,FALSE) -> 3 | U16: =VLOOKUP($R16,$AI$14:$AR$17,4,FALSE) -> 1 | V16: =VLOOKUP($R16,$AI$14:$AR$17,5,FALSE) -> 0 | W16: =VLOOKUP($R16,$AI$14:$AR$17,6,FALSE) -> 2 | X16: =VLOOKUP($R16,$AI$14:$AR$17,7,FALSE) -> 4 | Y16: =VLOOKUP($R16,$AI$14:$AR$17,8,FALSE) -> 7 | Z16: =VLOOKUP($R16,$AI$14:$AR$17,9,FALSE) -> -3 | AA16: =IF(SUM($AK$14:$AK$17)=12,MIN(ABS(BY15-BY16),ABS(BY16-BY17)),100) -> 2.235e+09 | AB16: =IF(AND(AA16>=0,AA16<90),VLOOKUP(Q16,$BU$14:$BV$17,2,0),"") | AF16: =VLOOKUP($R16,$AI$14:$AR$17,10,FALSE) -> 3.3222105e+09 | AG16: =RANK(AU16,$AU$14:$AU$17) -> 2 | AH16: =RANK(AR16,$AR$14:$AR$17) -> 2 | AI16: =A15 -> Estados unidos | AJ16: =AL16*3+AM16*1+AN16*0 -> 5 | AK16: =COUNTIFS($I$4:$I$65,AI16,$K$4:$K$65,"<>",$L$4:$L$65,"<>")+COUNTIFS($N$4:$N$65,AI16,$L$4:$L$65,"<>",$K$4:$K$65,"<>") -> 3 | AL16: {=SUM(($I$4:$I$65=AI16)*($K$4:$K$65<>"")*($L$4:$L$65<>"")*($K$4:$K$65>$L$4:$L$65),($N$4:$N$65=AI16)*($K$4:$K$65<>"")*($L$4:$L$65<>"")*($K$4:$K$65<$L$4:$L$65))} -> 1 | AM16: {=SUM(($I$4:$I$65=AI16)*($K$4:$K$65<>"")*($L$4:$L$65<>"")*($K$4:$K$65=$L$4:$L$65),($N$4:$N$65=AI16)*($K$4:$K$65<>"")*($L$4:$L$65<>"")*($K$4:$K$65=$L$4:$L$65))} -> 2 | AN16: {=SUM(($I$4:$I$65=AI16)*($L$4:$L$65<>"")*($K$4:$K$65<>"")*($K$4:$K$65<$L$4:$L$65),($K$4:$K$65<>"")*($N$4:$N$65=AI16)*($L$4:$L$65<>"")*($K$4:$K$65>$L$4:$L$65))} -> 0 | AO16: {=SUMIFS($K$4:$K$65,$I$4:$I$65,AI16,$K$4:$K$65,"<>",$L$4:$L$65,"<>")+SUMIFS($L$4:$L$65,$N$4:$N$65,AI16,$K$4:$K$65,"<>",$L$4:$L$65,"<>")} -> 2 | AP16: {=SUMIFS($K$4:$K$65,$N$4:$N$65,AI16,$K$4:$K$65,"<>",$L$4:$L$65,"<>")+SUMIFS($L$4:$L$65,$I$4:$I$65,AI16,$K$4:$K$65,"<>",$L$4:$L$65,"<>")} -> 1 | AQ16: =AO16-AP16 -> 1 | AR16: =IF(AK16=0,-($AW$11*VLOOKUP(AI16,Tabla3[[NombreEquipo]:[Rank]],3,FALSE)),AJ16*$AW$4+AQ16*$AW$5+AO16*$AW$6+BA16-($AW$11*VLOOKUP(AI16,Tabla3[[NombreEquipo]:[Rank]],3,FALSE)/100)) -> 5.5622105e+09 | AS16: =AH16 -> 2 | AU16: =IFERROR(AR16-VLOOKUP(AI16,$AB$14:$AC$17,2,0),AR16) -> 5.5622105e+09 | AY16: =AI16 -> Estados unidos | AZ16: =COUNTIF(AJ14:AJ17,AJ16) -> 1 | BA16: =(BB16*$AW$9)+(BH16*$AW$8)+(BN16*$AW$7) -> 210500 | BB16: =RANK(BC16,BC14:BC17,1) -> 1 | BC16: =SUM(IF(AND(AJ16=AJ17,AQ16=AQ17,AO16=AO17),BG16,0),IF(AND(AJ16=AJ14,AQ16=AQ14,AO16=AO14),BD16,0),IF(AND(AJ16=AJ15,AQ16=AQ15,AO16=AO15),BE16,0)) -> 0 | BD16: {=SUMIFS($K$12:$K$17,$I$12:$I$17,$AY16,$K$12:$K$17,"<>",$L$12:$L$17,"<>",$N$12:$N$17,BD13)+SUMIFS($L$12:$L$17,$I$12:$I$17,BD13,$K$12:$K$17,"<>",$L$12:$L$17,"<>",$N$12:$N$17,$AY16)} -> 0 | BE16: {=SUMIFS($K$12:$K$17,$I$12:$I$17,$AY16,$K$12:$K$17,"<>",$L$12:$L$17,"<>",$N$12:$N$17,BE13)+SUMIFS($L$12:$L$17,$I$12:$I$17,BE13,$K$12:$K$17,"<>",$L$12:$L$17,"<>",$N$12:$N$17,$AY16)} -> 1 | BF16: 0 | BG16: {=SUMIFS($K$12:$K$17,$I$12:$I$17,$AY16,$K$12:$K$17,"<>",$L$12:$L$17,"<>",$N$12:$N$17,BG13)+SUMIFS($L$12:$L$17,$I$12:$I$17,BG13,$K$12:$K$17,"<>",$L$12:$L$17,"<>",$N$12:$N$17,$AY16)} -> 1 | BH16: =RANK(BI16,BI14:BI17,1) -> 1 | BI16: =SUM(IF(AND(AJ16=AJ17,AQ16=AQ17,AO16=AO17),BM16,0),IF(AND(AJ16=AJ14,AQ16=AQ14,AO16=AO14),BJ16,0),IF(AND(AJ16=AJ15,AQ16=AQ15,AO16=AO15),BK16,0)) -> 0 | BJ16: =BD16-BF14 -> 0 | BK16: =BE16-BF15 -> 1 | BL16: 0 | BM16: =BG16-BF17 -> 0 | BN16: =RANK(BO16,BO14:BO17,1) -> 1 | BO16: =SUM(IF(AND(AJ16=AJ17,AQ16=AQ17,AO16=AO17),BS16,0),IF(AND(AJ16=AJ14,AQ16=AQ14,AO16=AO14),BP16,0),IF(AND(AJ16=AJ15,AQ16=AQ15,AO16=AO15),BQ16,0)) -> 0 | BP16: {=SUM((I$4:I$49=AY16)*(N$4:N$49=BP13)*(K$4:K$49<>"")*(L$4:L$49<>"")*(K$4:K$49>L$4:L$49)*3,(N$4:N$49=AY16)*(I$4:I$49=BP13)*(K$4:K$49<>"")*(L$4:L$49<>"")*(K$4:K$49=L$4:L$49)*1,(N$4:N$49=AY16)*(I$4:I$49=BP13)*(K$4:K$49<>"")*(L$4:L$49<>"")*(K$4:K$49<L$4:L$49)*3,(I$4:I$49=AY16)*(N$4:N$49=BP13)*(K$4:K$49<>"")*(L$4:L$49<>"")*(K$4:K$49=L$4:L$49)*1)} -> 1 | BQ16: {=SUM((I$4:I$49=AY16)*(N$4:N$49=BQ13)*(K$4:K$49<>"")*(L$4:L$49<>"")*(K$4:K$49>L$4:L$49)*3,(N$4:N$49=AY16)*(I$4:I$49=BQ13)*(K$4:K$49<>"")*(L$4:L$49<>"")*(K$4:K$49=L$4:L$49)*1,(N$4:N$49=AY16)*(I$4:I$49=BQ13)*(K$4:K$49<>"")*(L$4:L$49<>"")*(K$4:K$49<L$4:L$49)*3,(I$4:I$49=AY16)*(N$4:N$49=BQ13)*(K$4:K$49<>"")*(L$4:L$49<>"")*(K$4:K$49=L$4:L$49)*1)} -> 3 | BR16: 0 | BS16: {=SUM((I$4:I$49=AY16)*(N$4:N$49=BS13)*(K$4:K$49<>"")*(L$4:L$49<>"")*(K$4:K$49>L$4:L$49)*3,(N$4:N$49=AY16)*(I$4:I$49=BS13)*(K$4:K$49<>"")*(L$4:L$49<>"")*(K$4:K$49=L$4:L$49)*1,(N$4:N$49=AY16)*(I$4:I$49=BS13)*(K$4:K$49<>"")*(L$4:L$49<>"")*(K$4:K$49<L$4:L$49)*3,(I$4:I$49=AY16)*(N$4:N$49=BS13)*(K$4:K$49<>"")*(L$4:L$49<>"")*(K$4:K$49=L$4:L$49)*1)} -> 1 | BT16: 3 | BU16: =RANK(BW16,$BW$14:$BW$17) -> 2 | BV16: =A15 -> Estados unidos | BW16: =AR16 -> 5.5622105e+09 | BX16: =VLOOKUP(Q16,$AH$14:$AI$17,2,0) -> Irán | BY16: =VLOOKUP($BX16,$AI$14:$AR$17,10,FALSE) -> 3.3222105e+09 | CA16: 3 | CB16: =VLOOKUP(CA16,$AH$14:$AI$17,2,0) -> Irán | CC16: =VLOOKUP(CB16,$AI$14:$AR$17,2,FALSE) -> 3 | CD16: =IF(SUM($AK$14:$AK$17)=12,MIN(ABS(BY15-BY16),ABS(BY16-BY17)),100) -> 2.235e+09 | CE16: =VLOOKUP($CB16,$AI$14:$AR$17,9,FALSE) -> -3 | CF16: =VLOOKUP($CB16,$AI$14:$AR$17,7,FALSE) -> 4 | CH16: {=IF($CI$14=$CL$13,$EC$13:$EC$16,IF($CI$14=$CM$13,$ED$13:$ED$15,IF(OR($CI$14=$CN$13,$CI$14=$CR$13),$EG$13:$EG$14,IF($CI$14=$CP$13,$EF$13:$EF$15,(IF($CI$14=$CQ$13,$EH$13:$EH$14,$EK$13))))))} -> 3 | CK16: 3 | CL16: {=IF(AND($CC$14:$CC$17=$CC$16,$CD$14:$CD$17<90,$AQ$14:$AQ$17=$AQ$16,$CF$14:$CF$17=$CF$16),1,0)} -> 0 | CM16: {=IF(AND($CC$14:$CC$16=$CC$16,$CD$14:$CD$16<90,$CC$16<>$CC$17),1,0)} -> 0 | CN16: {=IF(AND($CC$16:$CC$17=$CC$16,$CD$16:$CD$17<90,$CC$16<>$CC$15),1,0)} -> 0 | CO16: {=IF(OR(AND($CC$16<>$CC$15,$CC$16<>$CC$17),AND($CC$16<>$CC$15,$CC$16=$CC$17,$CD$16>90,$CD$17>90)),1,0)} -> 1 | CP16: {=IF(AND($CC$15:$CC$17=$CC$15,$CD$15:$CD$17<90,$CC$14<>$CC$16),1,0)} -> 0 | CQ16: {=IF(AND($CC$15:$CC$16=$CC$16,$CD$15:$CD$16<90,$CC$16<>$CC$14,$CC$16<>$CC$17),1,0)} -> 0 | CR16: {=IF(AND($CC$16:$CC$17=$CC$16,$CD$16:$CD$17<90,$CC$16<>$CC$15),1,0)} -> 0 | CS16: {=IF(AND($CC$16<>$CC$15,$CC$16<>$CC$17),1,0)} -> 1 | CT16: {=IF(AND($CC$14:$CC$17=$CC$14,$CD$14:$CD$17<90,$CE$16:$CE$17=$CE$16,$CE$15<>$CE$16),1,0)} -> 0 | CU16: {=IF(AND($CC$14:$CC$17=$CC$14,$CD$14:$CD$17<90,$CE$14:$CE$17=$CE$14,$CF$16=$CF$17,$CF$15<>$CF$16),1,0)} -> 0 | CV16: {=IF(AND($CC$14:$CC$16=$CC$16,$CD$14:$CD$15<90,$CD$16>90),1,0)} -> 0 | CW16: {=IF(AND($CC$15<>$CC$14,$CC$15:$CC$17=$CC$16,$CD$15>90,$CD$16:$CD$17<90),1,0)} -> 0 | CX16: {=IF(AND($CC$15<>$CC$14,$CC$15:$CC$17=$CC$15,$CD$17>90,$CD$15:$CD$16<90),1,0)} -> 0 | CY16: {=IF(AND($CC$16<>$CC$17,$CC$14:$CC$16=$CC$16,$CD$14>90,$CD$15:$CD$16<90),1,0)} -> 0 | CZ16: {=IF(AND($CC$14:$CC$17=$CC$15,$CD$15:$CD$17<90,$CD$14<>$CD$16),1,0)} -> 0 | DA16: {=IF(AND($CC$14:$CC$17=$CC$16,$CD$14:$CD$16<90,$CD$16<>$CD$17),1,0)} -> 0 | DB16: {=IF(AND($CC$14:$CC$17=$CC$16,$CD$14:$CD$15>90,$CD$16:$CD$17<90,$CE$14:$CE$17=$CE$16,$CF$14>$CF$15,$CF$15>$CF$16,$CF$16=$CF$17),1,0)} -> 0 | DC16: {=IF(AND($CC$14:$CC$17=$CC$16,$CD$14>90,$CD$15:$CD$16<90,$CD$17>90,$CE$14:$CE$17=$CE$16,$CF$14>$CF$15,$CF$15=$CF$16,$CF$16>$CF$17),1,0)} -> 0 | DD16: {=IF(AND($CC$14:$CC$17=$CC$16,$CD$14:$CD$15<90,$CD$16:$CD$17>90,$CE$14:$CE$17=$CE$16,$CF$14=$CF$15,$CF$15>$CF$16,$CF$16>$CF$17),1,0)} -> 0 | DE16: {=IF(AND($CC$14:$CC$17=$CC$16,$CD$14:$CD$15>90,$CD$16:$CD$17<90,$CE$14:$CE$17=$CE$15,$CF$14>$CF$16,$CF$15:$CF$17=$CF$16),1,0)} -> 0 | DF16: {=IF(AND($CC$14:$CC$17=$CC$16,$CD$14:$CD$15<90,$CD$16:$CD$17>90,$CE$14:$CE$17=$CE$16,$CF$14:$CF$16=$CF$16,$CF$16>$CF$17),1,0)} -> 0 | DG16: {=IF(AND($CC$14:$CC$17=$CC$16,$CD$14>90,$CD$17>90,$CD$15:$CD$16<90,$CE$14:$CE$17=$CE$16,$CF$14>$CF$15:$CF$17,$CF$15:$CF$17=$CF$16),1,0)} -> 0 | EC16: 4
F17: =Horarios!C17 -> 44894.917 | G17: =Horarios!C17 -> 44894.917 | H17: J3 | I17: =A14 -> Irán | J17: =VLOOKUP(I17,Equipos!$H$2:$I$33,2,0) -> 🇮🇷 | K17: 0 | L17: 1 | M17: =VLOOKUP(N17,Equipos!$H$2:$I$33,2,0) -> 🇺🇸 | N17: =A15 -> Estados unidos | O17: =IF(NOT(OR(ISBLANK(K17),ISBLANK(L17))),1,0) -> 1 | Q17: 4 | R17: =VLOOKUP(Q17,$AG$14:$AI$17,3,0) -> Gales | S17: =VLOOKUP(R17,$AI$14:$AR$17,2,FALSE) -> 1 | T17: =VLOOKUP($R17,$AI$14:$AR$17,3,FALSE) -> 3 | U17: =VLOOKUP($R17,$AI$14:$AR$17,4,FALSE) -> 0 | V17: =VLOOKUP($R17,$AI$14:$AR$17,5,FALSE) -> 1 | W17: =VLOOKUP($R17,$AI$14:$AR$17,6,FALSE) -> 2 | X17: =VLOOKUP($R17,$AI$14:$AR$17,7,FALSE) -> 1 | Y17: =VLOOKUP($R17,$AI$14:$AR$17,8,FALSE) -> 6 | Z17: =VLOOKUP($R17,$AI$14:$AR$17,9,FALSE) -> -5 | AA17: =IF(SUM($AK$14:$AK$17)=12,MIN(ABS(BY16-BY17),ABS(BY17-BY18)),100) -> 1.0872105e+09 | AB17: =IF(AND(AA17>=0,AA17<90),VLOOKUP(Q17,$BU$14:$BV$17,2,0),"") | AF17: =VLOOKUP($R17,$AI$14:$AR$17,10,FALSE) -> 1.0872105e+09 | AG17: =RANK(AU17,$AU$14:$AU$17) -> 4 | AH17: =RANK(AR17,$AR$14:$AR$17) -> 4 | AI17: =A16 -> Gales | AJ17: =AL17*3+AM17*1+AN17*0 -> 1 | AK17: =COUNTIFS($I$4:$I$65,AI17,$K$4:$K$65,"<>",$L$4:$L$65,"<>")+COUNTIFS($N$4:$N$65,AI17,$L$4:$L$65,"<>",$K$4:$K$65,"<>") -> 3 | AL17: {=SUM(($I$4:$I$65=AI17)*($K$4:$K$65<>"")*($L$4:$L$65<>"")*($K$4:$K$65>$L$4:$L$65),($N$4:$N$65=AI17)*($K$4:$K$65<>"")*($L$4:$L$65<>"")*($K$4:$K$65<$L$4:$L$65))} -> 0 | AM17: {=SUM(($I$4:$I$65=AI17)*($K$4:$K$65<>"")*($L$4:$L$65<>"")*($K$4:$K$65=$L$4:$L$65),($N$4:$N$65=AI17)*($K$4:$K$65<>"")*($L$4:$L$65<>"")*($K$4:$K$65=$L$4:$L$65))} -> 1 | AN17: {=SUM(($I$4:$I$65=AI17)*($L$4:$L$65<>"")*($K$4:$K$65<>"")*($K$4:$K$65<$L$4:$L$65),($K$4:$K$65<>"")*($N$4:$N$65=AI17)*($L$4:$L$65<>"")*($K$4:$K$65>$L$4:$L$65))} -> 2 | AO17: {=SUMIFS($K$4:$K$65,$I$4:$I$65,AI17,$K$4:$K$65,"<>",$L$4:$L$65,"<>")+SUMIFS($L$4:$L$65,$N$4:$N$65,AI17,$K$4:$K$65,"<>",$L$4:$L$65,"<>")} -> 1 | AP17: {=SUMIFS($K$4:$K$65,$N$4:$N$65,AI17,$K$4:$K$65,"<>",$L$4:$L$65,"<>")+SUMIFS($L$4:$L$65,$I$4:$I$65,AI17,$K$4:$K$65,"<>",$L$4:$L$65,"<>")} -> 6 | AQ17: =AO17-AP17 -> -5 | AR17: =IF(AK17=0,-($AW$11*VLOOKUP(AI17,Tabla3[[NombreEquipo]:[Rank]],3,FALSE)),AJ17*$AW$4+AQ17*$AW$5+AO17*$AW$6+BA17-($AW$11*VLOOKUP(AI17,Tabla3[[NombreEquipo]:[Rank]],3,FALSE)/100)) -> 1.0872105e+09 | AS17: =AH17 -> 4 | AU17: =IFERROR(AR17-VLOOKUP(AI17,$AB$14:$AC$17,2,0),AR17) -> 1.0872105e+09 | AY17: =AI17 -> Gales | AZ17: =COUNTIF(AJ14:AJ17,AJ17) -> 1 | BA17: =(BB17*$AW$9)+(BH17*$AW$8)+(BN17*$AW$7) -> 210500 | BB17: =RANK(BC17,BC14:BC17,1) -> 1 | BC17: =SUM(IF(AND(AJ17=AJ14,AQ17=AQ14,AO17=AO14),BD17,0),IF(AND(AJ17=AJ15,AQ17=AQ15,AO17=AO15),BE17,0),IF(AND(AJ17=AJ16,AQ17=AQ16,AO17=AO16),BF17,0)) -> 0 | BD17: {=SUMIFS($K$12:$K$17,$I$12:$I$17,$AY17,$K$12:$K$17,"<>",$L$12:$L$17,"<>",$N$12:$N$17,BD13)+SUMIFS($L$12:$L$17,$I$12:$I$17,BD13,$K$12:$K$17,"<>",$L$12:$L$17,"<>",$N$12:$N$17,$AY17)} -> 0 | BE17: {=SUMIFS($K$12:$K$17,$I$12:$I$17,$AY17,$K$12:$K$17,"<>",$L$12:$L$17,"<>",$N$12:$N$17,BE13)+SUMIFS($L$12:$L$17,$I$12:$I$17,BE13,$K$12:$K$17,"<>",$L$12:$L$17,"<>",$N$12:$N$17,$AY17)} -> 0 | BF17: {=SUMIFS($K$12:$K$17,$I$12:$I$17,$AY17,$K$12:$K$17,"<>",$L$12:$L$17,"<>",$N$12:$N$17,BF13)+SUMIFS($L$12:$L$17,$I$12:$I$17,BF13,$K$12:$K$17,"<>",$L$12:$L$17,"<>",$N$12:$N$17,$AY17)} -> 1 | BG17: 0 | BH17: =RANK(BI17,BI14:BI17,1) -> 1 | BI17: =SUM(IF(AND(AJ17=AJ14,AQ17=AQ14,AO17=AO14),BJ17,0),IF(AND(AJ17=AJ15,AQ17=AQ15,AO17=AO15),BK17,0),IF(AND(AJ17=AJ16,AQ17=AQ16,AO17=AO16),BL17,0)) -> 0 | BJ17: =BD17-BG14 -> -3 | BK17: =BE17-BG15 -> -2 | BL17: =BF17-BG16 -> 0 | BM17: 0 | BN17: =RANK(BO17,BO14:BO17,1) -> 1 | BO17: =SUM(IF(AND(AJ17=AJ14,AQ17=AQ14,AO17=AO14),BP17,0),IF(AND(AJ17=AJ15,AQ17=AQ15,AO17=AO15),BQ17,0),IF(AND(AJ17=AJ16,AQ17=AQ16,AO17=AO16),BR17,0)) -> 0 | BP17: {=SUM((I$4:I$49=AY17)*(N$4:N$49=BP13)*(K$4:K$49<>"")*(L$4:L$49<>"")*(K$4:K$49>L$4:L$49)*3,(N$4:N$49=AY17)*(I$4:I$49=BP13)*(K$4:K$49<>"")*(L$4:L$49<>"")*(K$4:K$49=L$4:L$49)*1,(N$4:N$49=AY17)*(I$4:I$49=BP13)*(K$4:K$49<>"")*(L$4:L$49<>"")*(K$4:K$49<L$4:L$49)*3,(I$4:I$49=AY17)*(N$4:N$49=BP13)*(K$4:K$49<>"")*(L$4:L$49<>"")*(K$4:K$49=L$4:L$49)*1)} -> 0 | BQ17: {=SUM((I$4:I$49=AY17)*(N$4:N$49=BQ13)*(K$4:K$49<>"")*(L$4:L$49<>"")*(K$4:K$49>L$4:L$49)*3,(N$4:N$49=AY17)*(I$4:I$49=BQ13)*(K$4:K$49<>"")*(L$4:L$49<>"")*(K$4:K$49=L$4:L$49)*1,(N$4:N$49=AY17)*(I$4:I$49=BQ13)*(K$4:K$49<>"")*(L$4:L$49<>"")*(K$4:K$49<L$4:L$49)*3,(I$4:I$49=AY17)*(N$4:N$49=BQ13)*(K$4:K$49<>"")*(L$4:L$49<>"")*(K$4:K$49=L$4:L$49)*1)} -> 0 | BR17: {=SUM((I$4:I$49=AY17)*(N$4:N$49=BR13)*(K$4:K$49<>"")*(L$4:L$49<>"")*(K$4:K$49>L$4:L$49)*3,(N$4:N$49=AY17)*(I$4:I$49=BR13)*(K$4:K$49<>"")*(L$4:L$49<>"")*(K$4:K$49=L$4:L$49)*1,(N$4:N$49=AY17)*(I$4:I$49=BR13)*(K$4:K$49<>"")*(L$4:L$49<>"")*(K$4:K$49<L$4:L$49)*3,(I$4:I$49=AY17)*(N$4:N$49=BR13)*(K$4:K$49<>"")*(L$4:L$49<>"")*(K$4:K$49=L$4:L$49)*1)} -> 1 | BS17: 0 | BT17: 4 | BU17: =RANK(BW17,$BW$14:$BW$17) -> 4 | BV17: =A16 -> Gales | BW17: =AR17 -> 1.0872105e+09 | BX17: =VLOOKUP(Q17,$AH$14:$AI$17,2,0) -> Gales | BY17: =VLOOKUP($BX17,$AI$14:$AR$17,10,FALSE) -> 1.0872105e+09 | CA17: 4 | CB17: =VLOOKUP(CA17,$AH$14:$AI$17,2,0) -> Gales | CC17: =VLOOKUP(CB17,$AI$14:$AR$17,2,FALSE) -> 1 | CD17: =IF(SUM($AK$14:$AK$17)=12,MIN(ABS(BY16-BY17),ABS(BY17-BY18)),100) -> 1.0872105e+09 | CE17: =VLOOKUP($CB17,$AI$14:$AR$17,9,FALSE) -> -5 | CF17: =VLOOKUP($CB17,$AI$14:$AR$17,7,FALSE) -> 1 | CH17: {=IF($CI$14=$CL$13,$EC$13:$EC$16,IF(OR($CI$14=$CN$13,$CI$14=$CR$13),$EG$13:$EG$14,IF($CI$14=$CP$13,$EF$13:$EF$15,$EL$13)))} -> 4 | CK17: 4 | CL17: {=IF(AND($CC$14:$CC$17=$CC$17,$CD$14:$CD$17<90,$AQ$14:$AQ$17=$AQ$17,$CF$14:$CF$17=$CF$17),1,0)} -> 0 | CM17: {=IF(AND($CC$14:$CC$16=$CC$14,$CD$14:$CD$16<90,$CD$17>90,$CC$14<>$CC$17),1,0)} -> 0 | CN17: {=IF(AND($CC$16:$CC$17=$CC$16,$CD$16:$CD$17<90,$CC$16<>$CC$15),1,0)} -> 0 | CO17: {=IF(AND($CC$17<>$CC$15,$CC$17<>$CC$14),1,0)} -> 1 | CP17: {=IF(AND($CC$15:$CC$17=$CC$15,$CD$15:$CD$17<90,$CC$14<>$CC$17),1,0)} -> 0 | CQ17: {=IF(AND($CC$17<>$CC$15,$CC$17<>$CC$14),1,0)} -> 1 | CR17: {=IF(AND($CC$16:$CC$17=$CC$16,$CD$16:$CD$17<90,$CC$16<>$CC$15),1,0)} -> 0 | CS17: {=IF(AND($CC$17<>$CC$15,$CC$17<>$CC$14),1,0)} -> 1 | CT17: {=IF(AND($CC$14:$CC$17=$CC$14,$CD$14:$CD$17<90,$CE$16:$CE$17=$CE$17,$CE$15<>$CE$17),1,0)} -> 0 | CU17: {=IF(AND($CC$14:$CC$17=$CC$14,$CD$14:$CD$17<90,$CE$14:$CE$17=$CE$14,$CF$16=$CF$17,$CF$15<>$CF$16),1,0)} -> 0 | CV17: {=IF(AND($CC$14:$CC$16=$CC$14,$CD$14:$CD$15<90,$CC$16<>$CC$17),1,0)} -> 0 | CW17: {=IF(AND($CC$15<>$CC$14,$CC$15:$CC$17=$CC$16,$CD$15>90,$CD$16:$CD$17<90),1,0)} -> 0 | CX17: {=IF(AND($CC$15<>$CC$14,$CC$15:$CC$17=$CC$15,$CD$17>90,$CD$15:$CD$16<90),1,0)} -> 0 | CY17: {=IF(AND($CC$17<>$CC$15,$CC$17<>$CC$16),1,0)} -> 1 | CZ17: {=IF(AND($CC$14:$CC$17=$CC$15,$CD$15:$CD$17<90,$CD$14<>$CD$17),1,0)} -> 0 | DA17: {=IF(AND($CC$14:$CC$17=$CC$14,$CD$14:$CD$16<90,$CD$16<>$CD$17),1,0)} -> 0 | DB17: {=IF(AND($CC$14:$CC$17=$CC$17,$CD$14:$CD$15>90,$CD$16:$CD$17<90,$CE$14:$CE$17=$CE$17,$CF$14>$CF$15,$CF$15>$CF$17,$CF$16=$CF$17),1,0)} -> 0 | DC17: {=IF(AND($CC$14:$CC$17=$CC$15,$CD$14>90,$CD$15:$CD$16<90,$CD$17>90,$CE$14:$CE$17=$CE$17,$CF$14>$CF$17,$CF$15=$CF$16,$CF$15>$CF$17),1,0)} -> 0 | DD17: {=IF(AND($CC$14:$CC$17=$CC$17,$CD$14:$CD$15<90,$CD$16:$CD$17>90,$CE$14:$CE$17=$CE$17,$CF$14=$CF$15,$CF$15>$CF$16,$CF$16>$CF$17),1,0)} -> 0 | DE17: {=IF(AND($CC$14:$CC$17=$CC$17,$CD$14:$CD$15>90,$CD$16:$CD$17<90,$CE$14:$CE$17=$CE$17,$CF$14>$CF$17,$CF$15:$CF$17=$CF$17),1,0)} -> 0 | DF17: {=IF(AND($CC$14:$CC$17=$CC$17,$CD$14:$CD$15<90,$CD$16:$CD$17>90,$CE$14:$CE$17=$CE$17,$CF$14:$CF$16=$CF$16,$CF$14:$CF$16>$CF$17),1,0)} -> 0 | DG17: {=IF(AND($CC$14:$CC$17=$CC$17,$CD$14>90,$CD$17>90,$CD$15:$CD$16<90,$CE$14:$CE$17=$CE$17,$CF$14>$CF$15:$CF$17,$CF$15:$CF$17=$CF$17),1,0)} -> 0
F19: =F3 -> Fecha | G19: =G3 -> Hora | H19: =H3 -> Jor. | I19: =I3 -> Casa | K19: Gol | L19: Gol | N19: =N3 -> Fuera | CL19: 1 | CM19: 12 | CN19: 18 | CO19: 19 | CP19: 13 | CQ19: 20 | CR19: 21 | CS19: 22 | CT19: 3 | CU19: 2 | CV19: 14 | CW19: 17 | CX19: 16 | CY19: 15 | CZ19: 4 | DA19: 5 | DB19: 10 | DC19: 8 | DD19: 6 | DE19: 11 | DF19: 7 | DG19: 9 | EC19: OP1 | ED19: OP2 | EE19: OP3 | EF19: OP4 | EG19: OP5 | EH19: OP6 | EI19: OP7 | EJ19: OP8 | EK19: OP9 | EL19: OP10
A20: NombreEquipo | B20: C | C20: =COUNTIF(Equipos!$C$2:$C$33,MUNDIAL!B20) -> 4 | E20: C | F20: =Horarios!C20 -> 44887.542 | G20: =Horarios!C20 -> 44887.542 | H20: J1 | I20: =A21 -> Argentina | J20: =VLOOKUP(I20,Equipos!$H$2:$I$33,2,0) -> 🇦🇷 | K20: 1 | L20: 2 | M20: =VLOOKUP(N20,Equipos!$H$2:$I$33,2,0) -> 🇸🇦 | N20: =A22 -> Arabia Saudita | O20: =IF(NOT(OR(ISBLANK(K20),ISBLANK(L20))),1,0) -> 1 | Q20: =CONCATENATE("Grupo"," ",B20) -> Grupo C | AB20: ¡EMPATE! Puedes seleccionar el orden de los empatados. | AH20: =CONCATENATE("Auxiliar - ",Q20) -> Auxiliar - Grupo C | AU20: NR | AY20: =CONCATENATE(Q20," - GOLAVERAGE") -> Grupo C - GOLAVERAGE | BB20: Goles - Partidos Cruzados | BH20: Diferencia de Goles - Partidos Cruzados | BN20: Puntos - Partidos Cruzados | CI20: Valor | CK20: Sum | CL20: =SUM(CL22:CL25) -> 0 | CM20: =SUM(CM22:CM25) -> 0 | CN20: =SUM(CN22:CN25) -> 0 | CO20: =SUM(CO22:CO25) -> 1 | CP20: =SUM(CP22:CP25) -> 0 | CQ20: =SUM(CQ22:CQ25) -> 2 | CR20: =SUM(CR22:CR25) -> 1 | CS20: =SUM(CS22:CS25) -> 2 | ... DG20: =SUM(DG22:DG25) -> 0 | EC20: 1234 | ED20: 123 | EE20: 12 | EF20: 234 | EG20: 34 | EH20: 23 | EI20: 1 | EJ20: 2 | EK20: 3 | EL20: 4
A21: {=IF(ROWS(A$21:A21)<=$C$20,INDEX(INDIRECT(A$20),SMALL(IF(Nivell=$B$20,ROW(Nivell)-ROW(Equipos!$C$2)+1),ROWS(B$20:B20))),"")} -> Argentina | F21: =Horarios!C21 -> 44887.792 | G21: =Horarios!C21 -> 44887.792 | H21: J1 | I21: =A23 -> México | J21: =VLOOKUP(I21,Equipos!$H$2:$I$33,2,0) -> 🇲🇽 | K21: 0 | L21: 0 | M21: =VLOOKUP(N21,Equipos!$H$2:$I$33,2,0) -> 🇵🇱 | N21: =A24 -> Polonia | O21: =IF(NOT(OR(ISBLANK(K21),ISBLANK(L21))),1,0) -> 1 | Q21: Pos | R21: Selección | S21: Pts | T21: J | U21: G | V21: E | W21: P | X21: GF | Y21: GC | Z21: DG | AA21: =COUNTIF(AA22:AA25,"<100") -> 0 | AG21: NR | AH21: Puesto | AI21: Equipo | AJ21: Ptos | AK21: J | AL21: G | AM21: E | AN21: P | AO21: GF | AP21: GC | AQ21: Dif | AR21: Rank | AS21: Puesto | AY21: Equipo | AZ21: NEquipEqual | BA21: PUNTOS | BB21: Ranking Inv | BC21: Entre Iguales | BD21: =AY22 -> Argentina | BE21: =AY23 -> Arabia Saudita | BF21: =AY24 -> México | BG21: =AY25 -> Polonia | BH21: Ranking Inv | BI21: Entre Iguales | BJ21: =BD21 -> Argentina | BK21: =BE21 -> Arabia Saudita | BL21: =BF21 -> México | BM21: =BG21 -> Polonia | BN21: Ranking Inv | BO21: Entre Iguales | BP21: =BD21 -> Argentina | BQ21: =BE21 -> Arabia Saudita | BR21: =BF21 -> México | BS21: =BG21 -> Polonia | BV21: Inicio | BX21: 1R | CB21: Equipo | CC21: Ptos | CD21: Signo | CE21: Dif | CF21: Gf | CK21: Com | CL21: COM_1 | CM21: COM_2 | CN21: COM_3 | CO21: COM_4 | CP21: COM_5 | CQ21: COM_6 | CR21: COM_7 | CS21: COM_8 | CT21: COM_3 | CU21: COM_3 | CV21: COM_4 | CW21: COM_7 | CX21: COM_6 | CY21: COM_6 | CZ21: COM_5 | DA21: COM_2 | DB21: COM_7 | DC21: COM_6 | DD21: COM_4 | DE21: COM_7 | DF21: COM_4 | DG21: COM_6 | EC21: 1 | ED21: 1 | EE21: 1 | EF21: 2 | EG21: 3 | EH21: 2 | EI21: 1 | EJ21: 2 | EK21: 3 | EL21: 4
A22: {=IF(ROWS(A$21:A22)<=$C$20,INDEX(INDIRECT(A$20),SMALL(IF(Nivell=$B$20,ROW(Nivell)-ROW(Equipos!$C$2)+1),ROWS(B$20:B21))),"")} -> Arabia Saudita | F22: =Horarios!C22 -> 44891.667 | G22: =Horarios!C22 -> 44891.667 | H22: J2 | I22: =A24 -> Polonia | J22: =VLOOKUP(I22,Equipos!$H$2:$I$33,2,0) -> 🇵🇱 | K22: 2 | L22: 0 | M22: =VLOOKUP(N22,Equipos!$H$2:$I$33,2,0) -> 🇸🇦 | N22: =A22 -> Arabia Saudita | O22: =IF(NOT(OR(ISBLANK(K22),ISBLANK(L22))),1,0) -> 1 | Q22: 1 | R22: =VLOOKUP(Q22,$AG$22:$AI$25,3,0) -> Argentina | S22: =VLOOKUP(R22,$AI$22:$AR$25,2,FALSE) -> 6 | T22: =VLOOKUP($R22,$AI$22:$AR$25,3,FALSE) -> 3 | U22: =VLOOKUP($R22,$AI$22:$AR$25,4,FALSE) -> 2 | V22: =VLOOKUP($R22,$AI$22:$AR$25,5,FALSE) -> 0 | W22: =VLOOKUP($R22,$AI$22:$AR$25,6,FALSE) -> 1 | X22: =VLOOKUP($R22,$AI$22:$AR$25,7,FALSE) -> 5 | Y22: =VLOOKUP($R22,$AI$22:$AR$25,8,FALSE) -> 2 | Z22: =VLOOKUP($R22,$AI$22:$AR$25,9,FALSE) -> 3 | AA22: =IF(SUM($AK$22:$AK$25)=12,MIN(ABS(BY21-BY22),ABS(BY22-BY23)),100) -> 2.24e+09 | AB22: =IF(AND(AA22>=0,AA22<90),VLOOKUP(Q22,$BU$22:$BV$25,2,0),"") | AF22: =VLOOKUP($R22,$AI$22:$AR$25,10,FALSE) -> 6.6862105e+09 | AG22: =RANK(AU22,$AU$22:$AU$25) -> 1 | AH22: =RANK(AR22,$AR$22:$AR$25) -> 1 | AI22: =A21 -> Argentina | AJ22: =AL22*3+AM22*1+AN22*0 -> 6 | AK22: =COUNTIFS($I$4:$I$65,AI22,$K$4:$K$65,"<>",$L$4:$L$65,"<>")+COUNTIFS($N$4:$N$65,AI22,$L$4:$L$65,"<>",$K$4:$K$65,"<>") -> 3 | AL22: {=SUM(($I$4:$I$65=AI22)*($K$4:$K$65<>"")*($L$4:$L$65<>"")*($K$4:$K$65>$L$4:$L$65),($N$4:$N$65=AI22)*($K$4:$K$65<>"")*($L$4:$L$65<>"")*($K$4:$K$65<$L$4:$L$65))} -> 2 | AM22: {=SUM(($I$4:$I$65=AI22)*($K$4:$K$65<>"")*($L$4:$L$65<>"")*($K$4:$K$65=$L$4:$L$65),($N$4:$N$65=AI22)*($K$4:$K$65<>"")*($L$4:$L$65<>"")*($K$4:$K$65=$L$4:$L$65))} -> 0 | AN22: {=SUM(($I$4:$I$65=AI22)*($L$4:$L$65<>"")*($K$4:$K$65<>"")*($K$4:$K$65<$L$4:$L$65),($K$4:$K$65<>"")*($N$4:$N$65=AI22)*($L$4:$L$65<>"")*($K$4:$K$65>$L$4:$L$65))} -> 1 | AO22: {=SUMIFS($K$4:$K$65,$I$4:$I$65,AI22,$K$4:$K$65,"<>",$L$4:$L$65,"<>")+SUMIFS($L$4:$L$65,$N$4:$N$65,AI22,$K$4:$K$65,"<>",$L$4:$L$65,"<>")} -> 5 | AP22: {=SUMIFS($K$4:$K$65,$N$4:$N$65,AI22,$K$4:$K$65,"<>",$L$4:$L$65,"<>")+SUMIFS($L$4:$L$65,$I$4:$I$65,AI22,$K$4:$K$65,"<>",$L$4:$L$65,"<>")} -> 2 | AQ22: =AO22-AP22 -> 3 | AR22: =IF(AK22=0,-($AW$11*VLOOKUP(AI22,Tabla3[[NombreEquipo]:[Rank]],3,FALSE)),AJ22*$AW$4+AQ22*$AW$5+AO22*$AW$6+BA22-($AW$11*VLOOKUP(AI22,Tabla3[[NombreEquipo]:[Rank]],3,FALSE)/100)) -> 6.6862105e+09 | AS22: =AH22 -> 1 | AU22: =IFERROR(AR22-VLOOKUP(AI22,$AB$22:$AC$25,2,0),AR22) -> 6.6862105e+09 | AY22: =AI22 -> Argentina | AZ22: =COUNTIF(AJ22:AJ25,AJ22) -> 1 | BA22: =(BB22*$AW$9)+(BH22*$AW$8)+(BN22*$AW$7) -> 210500 | BB22: =RANK(BC22,BC22:BC25,1) -> 1 | BC22: =SUM(IF(AND(AJ22=AJ23,AQ22=AQ23,AO22=AO23),BE22,0),IF(AND(AJ22=AJ24,AQ22=AQ24,AO22=AO24),BF22,0),IF(AND(AJ22=AJ25,AQ22=AQ25,AO22=AO25),BG22,0)) -> 0 | BD22: 0 | BE22: {=SUMIFS($K$20:$K$25,$I$20:$I$25,$AY22,$K$20:$K$25,"<>",$L$20:$L$25,"<>",$N$20:$N$25,BE21)+SUMIFS($L$20:$L$25,$I$20:$I$25,BE21,$K$20:$K$25,"<>",$L$20:$L$25,"<>",$N$20:$N$25,$AY22)} -> 1 | BF22: {=SUMIFS($K$20:$K$25,$I$20:$I$25,$AY22,$K$20:$K$25,"<>",$L$20:$L$25,"<>",$N$20:$N$25,BF21)+SUMIFS($L$20:$L$25,$I$20:$I$25,BF21,$K$20:$K$25,"<>",$L$20:$L$25,"<>",$N$20:$N$25,$AY22)} -> 2 | BG22: {=SUMIFS($K$20:$K$25,$I$20:$I$25,$AY22,$K$20:$K$25,"<>",$L$20:$L$25,"<>",$N$20:$N$25,BG21)+SUMIFS($L$20:$L$25,$I$20:$I$25,BG21,$K$20:$K$25,"<>",$L$20:$L$25,"<>",$N$20:$N$25,$AY22)} -> 2 | BH22: =RANK(BI22,BI22:BI25,1) -> 1 | BI22: =SUM(IF(AND(AJ22=AJ23,AQ22=AQ23,AO22=AO23),BK22,0),IF(AND(AJ22=AJ24,AQ22=AQ24,AO22=AO24),BL22,0),IF(AND(AJ22=AJ25,AQ22=AQ25,AO22=AO25),BM22,0)) -> 0 | BJ22: 0 | BK22: =BE22-BD23 -> -1 | BL22: =BF22-BD24 -> 2 | BM22: =BG22-BD25 -> 2 | BN22: =RANK(BO22,BO22:BO25,1) -> 1 | BO22: =SUM(IF(AND(AJ22=AJ23,AQ22=AQ23,AO22=AO23),BQ22,0),IF(AND(AJ22=AJ24,AQ22=AQ24,AO22=AO24),BR22,0),IF(AND(AJ22=AJ25,AQ22=AQ25,AO22=AO25),BS22,0)) -> 0 | BP22: 0 | BQ22: {=SUM((I$4:I$49=AY22)*(N$4:N$49=BQ21)*(K$4:K$49<>"")*(L$4:L$49<>"")*(K$4:K$49>L$4:L$49)*3,(N$4:N$49=AY22)*(I$4:I$49=BQ21)*(K$4:K$49<>"")*(L$4:L$49<>"")*(K$4:K$49=L$4:L$49)*1,(N$4:N$49=AY22)*(I$4:I$49=BQ21)*(K$4:K$49<>"")*(L$4:L$49<>"")*(K$4:K$49<L$4:L$49)*3,(I$4:I$49=AY22)*(N$4:N$49=BQ21)*(K$4:K$49<>"")*(L$4:L$49<>"")*(K$4:K$49=L$4:L$49)*1)} -> 0 | BR22: {=SUM((I$4:I$49=AY22)*(N$4:N$49=BR21)*(K$4:K$49<>"")*(L$4:L$49<>"")*(K$4:K$49>L$4:L$49)*3,(N$4:N$49=AY22)*(I$4:I$49=BR21)*(K$4:K$49<>"")*(L$4:L$49<>"")*(K$4:K$49=L$4:L$49)*1,(N$4:N$49=AY22)*(I$4:I$49=BR21)*(K$4:K$49<>"")*(L$4:L$49<>"")*(K$4:K$49<L$4:L$49)*3,(I$4:I$49=AY22)*(N$4:N$49=BR21)*(K$4:K$49<>"")*(L$4:L$49<>"")*(K$4:K$49=L$4:L$49)*1)} -> 3 | BS22: {=SUM((I$4:I$49=AY22)*(N$4:N$49=BS21)*(K$4:K$49<>"")*(L$4:L$49<>"")*(K$4:K$49>L$4:L$49)*3,(N$4:N$49=AY22)*(I$4:I$49=BS21)*(K$4:K$49<>"")*(L$4:L$49<>"")*(K$4:K$49=L$4:L$49)*1,(N$4:N$49=AY22)*(I$4:I$49=BS21)*(K$4:K$49<>"")*(L$4:L$49<>"")*(K$4:K$49<L$4:L$49)*3,(I$4:I$49=AY22)*(N$4:N$49=BS21)*(K$4:K$49<>"")*(L$4:L$49<>"")*(K$4:K$49=L$4:L$49)*1)} -> 3 | BT22: 1 | BU22: =RANK(BW22,$BW$22:$BW$25) -> 1 | BV22: =A21 -> Argentina | BW22: =AR22 -> 6.6862105e+09 | BX22: =VLOOKUP(Q22,$AH$22:$AI$25,2,0) -> Argentina | BY22: =VLOOKUP($BX22,$AI$22:$AR$25,10,FALSE) -> 6.6862105e+09 | CA22: 1 | CB22: =VLOOKUP(CA22,$AH$22:$AI$25,2,0) -> Argentina | CC22: =VLOOKUP(CB22,$AI$22:$AR$25,2,FALSE) -> 6 | CD22: =IF(SUM($AK$22:$AK$25)=12,MIN(ABS(BY21-BY22),ABS(BY22-BY23)),100) -> 2.24e+09 | CE22: =VLOOKUP($CB22,$AI$22:$AR$25,9,FALSE) -> 3 | CF22: =VLOOKUP($CB22,$AI$22:$AR$25,7,FALSE) -> 5 | CH22: {=IF($CI$22=$CL$21,$EC$21:$EC$24,IF($CI$22=$CM$21,$ED$21:$ED$23,IF(OR($CI$22=$CN$21,$CI$22=$CO$21),$EE$21:$EE$22,$EI$21)))} -> 1 | CI22: =IFERROR(HLOOKUP(4,CL20:DI21,2,0),CS21) -> COM_8 | CK22: 1 | CL22: {=IF(AND($CC$22:$CC$25=$CC$22,$CD$22:$CD$25<90,$AQ$22:$AQ$25=$AQ$22,$CF$22:$CF$25=$CF$22),1,0)} -> 0 | CM22: {=IF(AND($CC$22:$CC$24=$CC$22,$CD$22:$CD$24<90,$CC$22<>$CC$25),1,0)} -> 0 | CN22: {=IF(AND($CC$22:$CC$23=$CC$22,$CD$22:$CD$23<90,$CC$22<>$CC$24),1,0)} -> 0 | CO22: {=IF(AND($CC$22:$CC$23=$CC$22,$CD$22:$CD$23<90,$CC$22<>$CC$24),1,0)} -> 0 | CP22: {=IF(AND($CC$23:$CC$25=$CC$23,$CD$23:$CD$25<90,$CC$22<>$CC$23),1,0)} -> 0 | CQ22: {=IF(AND($CC$22<>$CC$23,$CC$22<>$CC$25),1,0)} -> 1 | CR22: {=IF(AND($CC$22<>$CC$23,$CC$22<>$CC$25),1,0)} -> 1 | CS22: {=IF(AND($CC$22<>$CC$23,$CC$22<>$CC$25),1,0)} -> 1 | CT22: {=IF(AND($CC$22:$CC$25=$CC$22,$CD$22:$CD$25<90,$CE$22:$CE$23=$CE$22,$CE$22<>$CE$24),1,0)} -> 0 | CU22: {=IF(AND($CC$22:$CC$25=$CC$22,$CD$22:$CD$25<90,$CE$22:$CE$25=$CE$22,$CF$22=$CF$23,$CF$22<>$CF$24),1,0)} -> 0 | CV22: {=IF(AND($CC$22:$CC$24=$CC$22,$CD$22:$CD$23<90,$CD$24>90),1,0)} -> 0 | CW22: {=IF(AND($CC$22<>$CC$23,$CC$22<>$CC$24),1,0)} -> 1 | CX22: {=IF(AND($CC$22<>$CC$23,$CC$22<>$CC$24),1,0)} -> 1 | CY22: {=IF(AND($CC$22<>$CC$25,$CC$22:$CC$24=$CC$22,$CD$22>90,$CD$23:$CD$24<90),1,0)} -> 0 | CZ22: {=IF(AND($CC$22:$CC$25=$CC$22,$CD$23:$CD$25<90,$CD$22<>$CD$23),1,0)} -> 0 | DA22: {=IF(AND($CC$22:$CC$25=$CC$22,$CD$22:$CD$24<90,$CD$22<>$CD$25),1,0)} -> 0 | DB22: {=IF(AND($CC$22:$CC$25=$CC$22,$CD$22:$CD$23>90,$CD$24:$CD$25<90,$CE$22:$CE$25=$CE$22,$CF$22>$CF$23,$CF$22>$CF$24,$CF$22>$CF$25),1,0)} -> 0 | DC22: {=IF(AND($CC$22:$CC$25=$CC$22,$CD$22>90,$CD$23:$CD$24<90,$CD$25>90,$CE$22:$CE$25=$CE$22,$CF$22>$CF$23,$CF$22>$CF$24,$CF$22>$CF$25),1,0)} -> 0 | DD22: {=IF(AND($CC$22:$CC$25=$CC$22,$CD$22:$CD$23<90,$CD$24:$CD$25>90,$CE$22:$CE$25=$CE$22,$CF$22=$CF$23,$CF$22>$CF$24,$CF$22>$CF$25),1,0)} -> 0 | DE22: {=IF(AND($CC$22:$CC$25=$CC$22,$CD$22:$CD$23>90,$CD$24:$CD$25<90,$CE$22:$CE$25=$CE$22,$CF$22>$CF$23,$CF$23:$CF$25=$CF$23),1,0)} -> 0 | DF22: {=IF(AND($CC$22:$CC$25=$CC$22,$CD$22:$CD$23<90,$CD$24:$CD$25>90,$CE$22:$CE$25=$CE$22,$CF$22:$CF$24=$CF$22,$CF$22>$CF$25),1,0)} -> 0 | DG22: {=IF(AND($CC$22:$CC$25=$CC$22,$CD$22>90,$CD$25>90,$CD$23:$CD$24<90,$CE$22:$CE$25=$CE$22,$CF$22>$CF$23:$CF$25),1,0)} -> 0 | EC22: 2 | ED22: 2 | EE22: 2 | EF22: 3 | EG22: 4 | EH22: 3
A23: {=IF(ROWS(A$21:A23)<=$C$20,INDEX(INDIRECT(A$20),SMALL(IF(Nivell=$B$20,ROW(Nivell)-ROW(Equipos!$C$2)+1),ROWS(B$20:B22))),"")} -> México | F23: =Horarios!C23 -> 44891.917 | G23: =Horarios!C23 -> 44891.917 | H23: J2 | I23: =A21 -> Argentina | J23: =VLOOKUP(I23,Equipos!$H$2:$I$33,2,0) -> 🇦🇷 | K23: 2 | L23: 0 | M23: =VLOOKUP(N23,Equipos!$H$2:$I$33,2,0) -> 🇲🇽 | N23: =A23 -> México | O23: =IF(NOT(OR(ISBLANK(K23),ISBLANK(L23))),1,0) -> 1 | Q23: 2 | R23: =VLOOKUP(Q23,$AG$22:$AI$25,3,0) -> Polonia | S23: =VLOOKUP(R23,$AI$22:$AR$25,2,FALSE) -> 4 | T23: =VLOOKUP($R23,$AI$22:$AR$25,3,FALSE) -> 3 | U23: =VLOOKUP($R23,$AI$22:$AR$25,4,FALSE) -> 1 | V23: =VLOOKUP($R23,$AI$22:$AR$25,5,FALSE) -> 1 | W23: =VLOOKUP($R23,$AI$22:$AR$25,6,FALSE) -> 1 | X23: =VLOOKUP($R23,$AI$22:$AR$25,7,FALSE) -> 2 | Y23: =VLOOKUP($R23,$AI$22:$AR$25,8,FALSE) -> 2 | Z23: =VLOOKUP($R23,$AI$22:$AR$25,9,FALSE) -> 0 | AA23: =IF(SUM($AK$22:$AK$25)=12,MIN(ABS(BY22-BY23),ABS(BY23-BY24)),100) -> 5000000 | AB23: =IF(AND(AA23>=0,AA23<90),VLOOKUP(Q23,$BU$22:$BV$25,2,0),"") | AF23: =VLOOKUP($R23,$AI$22:$AR$25,10,FALSE) -> 4.4462105e+09 | AG23: =RANK(AU23,$AU$22:$AU$25) -> 4 | AH23: =RANK(AR23,$AR$22:$AR$25) -> 4 | AI23: =A22 -> Arabia Saudita | AJ23: =AL23*3+AM23*1+AN23*0 -> 3 | AK23: =COUNTIFS($I$4:$I$65,AI23,$K$4:$K$65,"<>",$L$4:$L$65,"<>")+COUNTIFS($N$4:$N$65,AI23,$L$4:$L$65,"<>",$K$4:$K$65,"<>") -> 3 | AL23: {=SUM(($I$4:$I$65=AI23)*($K$4:$K$65<>"")*($L$4:$L$65<>"")*($K$4:$K$65>$L$4:$L$65),($N$4:$N$65=AI23)*($K$4:$K$65<>"")*($L$4:$L$65<>"")*($K$4:$K$65<$L$4:$L$65))} -> 1 | AM23: {=SUM(($I$4:$I$65=AI23)*($K$4:$K$65<>"")*($L$4:$L$65<>"")*($K$4:$K$65=$L$4:$L$65),($N$4:$N$65=AI23)*($K$4:$K$65<>"")*($L$4:$L$65<>"")*($K$4:$K$65=$L$4:$L$65))} -> 0 | AN23: {=SUM(($I$4:$I$65=AI23)*($L$4:$L$65<>"")*($K$4:$K$65<>"")*($K$4:$K$65<$L$4:$L$65),($K$4:$K$65<>"")*($N$4:$N$65=AI23)*($L$4:$L$65<>"")*($K$4:$K$65>$L$4:$L$65))} -> 2 | AO23: {=SUMIFS($K$4:$K$65,$I$4:$I$65,AI23,$K$4:$K$65,"<>",$L$4:$L$65,"<>")+SUMIFS($L$4:$L$65,$N$4:$N$65,AI23,$K$4:$K$65,"<>",$L$4:$L$65,"<>")} -> 3 | AP23: {=SUMIFS($K$4:$K$65,$N$4:$N$65,AI23,$K$4:$K$65,"<>",$L$4:$L$65,"<>")+SUMIFS($L$4:$L$65,$I$4:$I$65,AI23,$K$4:$K$65,"<>",$L$4:$L$65,"<>")} -> 5 | AQ23: =AO23-AP23 -> -2 | AR23: =IF(AK23=0,-($AW$11*VLOOKUP(AI23,Tabla3[[NombreEquipo]:[Rank]],3,FALSE)),AJ23*$AW$4+AQ23*$AW$5+AO23*$AW$6+BA23-($AW$11*VLOOKUP(AI23,Tabla3[[NombreEquipo]:[Rank]],3,FALSE)/100)) -> 3.3262105e+09 | AS23: =AH23 -> 4 | AU23: =IFERROR(AR23-VLOOKUP(AI23,$AB$22:$AC$25,2,0),AR23) -> 3.3262105e+09 | AY23: =AI23 -> Arabia Saudita | AZ23: =COUNTIF(AJ22:AJ25,AJ23) -> 1 | BA23: =(BB23*$AW$9)+(BH23*$AW$8)+(BN23*$AW$7) -> 210500 | BB23: =RANK(BC23,BC22:BC25,1) -> 1 | BC23: =SUM(IF(AND(AJ23=AJ24,AQ23=AQ24,AO23=AO24),BF23,0),IF(AND(AJ23=AJ25,AQ23=AQ25,AO23=AO25),BG23,0),IF(AND(AJ23=AJ22,AQ23=AQ22,AO23=AO22),BD23,0)) -> 0 | BD23: {=SUMIFS($K$20:$K$25,$I$20:$I$25,$AY23,$K$20:$K$25,"<>",$L$20:$L$25,"<>",$N$20:$N$25,BD21)+SUMIFS($L$20:$L$25,$I$20:$I$25,BD21,$K$20:$K$25,"<>",$L$20:$L$25,"<>",$N$20:$N$25,$AY23)} -> 2 | BE23: 0 | BF23: {=SUMIFS($K$20:$K$25,$I$20:$I$25,$AY23,$K$20:$K$25,"<>",$L$20:$L$25,"<>",$N$20:$N$25,BF21)+SUMIFS($L$20:$L$25,$I$20:$I$25,BF21,$K$20:$K$25,"<>",$L$20:$L$25,"<>",$N$20:$N$25,$AY23)} -> 1 | BG23: {=SUMIFS($K$20:$K$25,$I$20:$I$25,$AY23,$K$20:$K$25,"<>",$L$20:$L$25,"<>",$N$20:$N$25,BG21)+SUMIFS($L$20:$L$25,$I$20:$I$25,BG21,$K$20:$K$25,"<>",$L$20:$L$25,"<>",$N$20:$N$25,$AY23)} -> 0 | BH23: =RANK(BI23,BI22:BI25,1) -> 1 | BI23: =SUM(IF(AND(AJ23=AJ24,AQ23=AQ24,AO23=AO24),BL23,0),IF(AND(AJ23=AJ25,AQ23=AQ25,AO23=AO25),BM23,0),IF(AND(AJ23=AJ22,AQ23=AQ22,AO23=AO22),BJ23,0)) -> 0 | BJ23: =BD23-BE22 -> 1 | BK23: 0 | BL23: =BF23-BE24 -> -1 | BM23: =BG23-BE25 -> -2 | BN23: =RANK(BO23,BO22:BO25,1) -> 1 | BO23: =SUM(IF(AND(AJ23=AJ24,AQ23=AQ24,AO23=AO24),BR23,0),IF(AND(AJ23=AJ25,AQ23=AQ25,AO23=AO25),BS23,0),IF(AND(AJ23=AJ22,AQ23=AQ22,AO23=AO22),BP23,0)) -> 0 | BP23: {=SUM((I$4:I$49=AY23)*(N$4:N$49=BP21)*(K$4:K$49<>"")*(L$4:L$49<>"")*(K$4:K$49>L$4:L$49)*3,(N$4:N$49=AY23)*(I$4:I$49=BP21)*(K$4:K$49<>"")*(L$4:L$49<>"")*(K$4:K$49=L$4:L$49)*1,(N$4:N$49=AY23)*(I$4:I$49=BP21)*(K$4:K$49<>"")*(L$4:L$49<>"")*(K$4:K$49<L$4:L$49)*3,(I$4:I$49=AY23)*(N$4:N$49=BP21)*(K$4:K$49<>"")*(L$4:L$49<>"")*(K$4:K$49=L$4:L$49)*1)} -> 3 | BQ23: 0 | BR23: {=SUM((I$4:I$49=AY23)*(N$4:N$49=BR21)*(K$4:K$49<>"")*(L$4:L$49<>"")*(K$4:K$49>L$4:L$49)*3,(N$4:N$49=AY23)*(I$4:I$49=BR21)*(K$4:K$49<>"")*(L$4:L$49<>"")*(K$4:K$49=L$4:L$49)*1,(N$4:N$49=AY23)*(I$4:I$49=BR21)*(K$4:K$49<>"")*(L$4:L$49<>"")*(K$4:K$49<L$4:L$49)*3,(I$4:I$49=AY23)*(N$4:N$49=BR21)*(K$4:K$49<>"")*(L$4:L$49<>"")*(K$4:K$49=L$4:L$49)*1)} -> 0 | BS23: {=SUM((I$4:I$49=AY23)*(N$4:N$49=BS21)*(K$4:K$49<>"")*(L$4:L$49<>"")*(K$4:K$49>L$4:L$49)*3,(N$4:N$49=AY23)*(I$4:I$49=BS21)*(K$4:K$49<>"")*(L$4:L$49<>"")*(K$4:K$49=L$4:L$49)*1,(N$4:N$49=AY23)*(I$4:I$49=BS21)*(K$4:K$49<>"")*(L$4:L$49<>"")*(K$4:K$49<L$4:L$49)*3,(I$4:I$49=AY23)*(N$4:N$49=BS21)*(K$4:K$49<>"")*(L$4:L$49<>"")*(K$4:K$49=L$4:L$49)*1)} -> 0 | BT23: 2 | BU23: =RANK(BW23,$BW$22:$BW$25) -> 4 | BV23: =A22 -> Arabia Saudita | BW23: =AR23 -> 3.3262105e+09 | BX23: =VLOOKUP(Q23,$AH$22:$AI$25,2,0) -> Polonia | BY23: =VLOOKUP($BX23,$AI$22:$AR$25,10,FALSE) -> 4.4462105e+09 | CA23: 2 | CB23: =VLOOKUP(CA23,$AH$22:$AI$25,2,0) -> Polonia | CC23: =VLOOKUP(CB23,$AI$22:$AR$25,2,FALSE) -> 4 | CD23: =IF(SUM($AK$22:$AK$25)=12,MIN(ABS(BY22-BY23),ABS(BY23-BY24)),100) -> 5000000 | CE23: =VLOOKUP($CB23,$AI$22:$AR$25,9,FALSE) -> 0 | CF23: =VLOOKUP($CB23,$AI$22:$AR$25,7,FALSE) -> 2 | CH23: {=IF($CI$22=$CL$21,$EC$21:$EC$24,IF($CI$22=$CM$21,$ED$21:$ED$23,IF(OR($CI$22=$CN$21,$CI$22=$CO$21),$EE$21:$EE$22,IF($CI$22=$CP$21,$EF$21:$EF$23,(IF($CI$22=$CQ$21,$EH$21:$EH$22,$EJ$21))))))} -> 2 | CK23: 2 | CL23: {=IF(AND($CC$22:$CC$25=$CC$23,$CD$22:$CD$25<90,$AQ$22:$AQ$25=$AQ$23,$CF$22:$CF$25=$CF$23),1,0)} -> 0 | CM23: {=IF(AND($CC$22:$CC$24=$CC$23,$CD$22:$CD$24<90,$CC$23<>$CC$25),1,0)} -> 0 | CN23: {=IF(AND($CC$22:$CC$23=$CC$22,$CD$22:$CD$23<90,$CC$22<>$CC$24),1,0)} -> 0 | CO23: {=IF(AND($CC$22:$CC$23=$CC$22,$CD$22:$CD$23<90,$CC$22<>$CC$24),1,0)} -> 0 | CP23: {=IF(AND($CC$23:$CC$25=$CC$23,$CD$23:$CD$25<90,$CC$22<>$CC$23),1,0)} -> 0 | CQ23: {=IF(AND($CC$23:$CC$24=$CC$23,$CD$23:$CD$24<90,$CC$23<>$CC$22,$CC$23<>$CC$25),1,0)} -> 0 | CR23: {=IF(AND($CC$23<>$CC$22,$CC$23<>$CC$24),1,0)} -> 0 | CS23: {=IF(AND($CC$23<>$CC$22,$CC$23<>$CC$24),1,0)} -> 0 | CT23: {=IF(AND($CC$22:$CC$25=$CC$22,$CD$22:$CD$25<90,$CE$22:$CE$23=$CE$22,$CE$23<>$CE$24),1,0)} -> 0 | CU23: {=IF(AND($CC$22:$CC$25=$CC$22,$CD$22:$CD$25<90,$CE$22:$CE$25=$CE$22,$CF$22=$CF$23,$CF$23<>$CF$24),1,0)} -> 0 | CV23: {=IF(AND($CC$22:$CC$24=$CC$23,$CD$22:$CD$23<90,$CD$24>90),1,0)} -> 0 | CW23: {=IF(AND($CC$23<>$CC$22,$CC$23:$CC$25=$CC$23,$CD$23>90,$CD$24:$CD$25<90),1,0)} -> 0 | CX23: {=IF(AND($CC$23<>$CC$22,$CC$23:$CC$25=$CC$23,$CD$25>90,$CD$23:$CD$24<90),1,0)} -> 0 | CY23: {=IF(AND($CC$23<>$CC$25,$CC$22:$CC$24=$CC$23,$CD$22>90,$CD$23:$CD$24<90),1,0)} -> 0 | CZ23: {=IF(AND($CC$22:$CC$25=$CC$23,$CD$23:$CD$25<90,$CD$22<>$CD$23),1,0)} -> 0 | DA23: {=IF(AND($CC$22:$CC$25=$CC$23,$CD$22:$CD$24<90,$CD$23<>$CD$25),1,0)} -> 0 | DB23: {=IF(AND($CC$22:$CC$25=$CC$23,$CD$22:$CD$23>90,$CD$24:$CD$25<90,$CE$22:$CE$25=$CE$23,$CF$22>$CF$23,$CF$23>$CF$24,$CF$23>$CF$25),1,0)} -> 0 | DC23: {=IF(AND($CC$22:$CC$25=$CC$23,$CD$22>90,$CD$23:$CD$24<90,$CD$25>90,$CE$22:$CE$25=$CE$23,$CF$22>$CF$23,$CF$23=$CF$24,$CF$23>$CF$25),1,0)} -> 0 | DD23: {=IF(AND($CC$22:$CC$25=$CC$23,$CD$22:$CD$23<90,$CD$24:$CD$25>90,$CE$22:$CE$25=$CE$23,$CF$22=$CF$23,$CF$23>$CF$24,$CF$23>$CF$25),1,0)} -> 0 | DE23: {=IF(AND($CC$22:$CC$25=$CC$23,$CD$22:$CD$23>90,$CD$24:$CD$25<90,$CE$22:$CE$25=$CE$23,$CF$22>$CF$23,$CF$23:$CF$25=$CF$23),1,0)} -> 0 | DF23: {=IF(AND($CC$22:$CC$25=$CC$23,$CD$22:$CD$23<90,$CD$24:$CD$25>90,$CE$22:$CE$25=$CE$23,$CF$22:$CF$24=$CF$23,$CF$23>$CF$25),1,0)} -> 0 | DG23: {=IF(AND($CC$22:$CC$25=$CC$23,$CD$22>90,$CD$25>90,$CD$23:$CD$24<90,$CE$22:$CE$25=$CE$23,$CF$22>$CF$23:$CF$25,$CF$23:$CF$25=$CF$23),1,0)} -> 0 | EC23: 3 | ED23: 3 | EF23: 4
A24: {=IF(ROWS(A$21:A24)<=$C$20,INDEX(INDIRECT(A$20),SMALL(IF(Nivell=$B$20,ROW(Nivell)-ROW(Equipos!$C$2)+1),ROWS(B$20:B23))),"")} -> Polonia | F24: =Horarios!C24 -> 44895.917 | G24: =Horarios!C24 -> 44895.917 | H24: J3 | I24: =A24 -> Polonia | J24: =VLOOKUP(I24,Equipos!$H$2:$I$33,2,0) -> 🇵🇱 | K24: 0 | L24: 2 | M24: =VLOOKUP(N24,Equipos!$H$2:$I$33,2,0) -> 🇦🇷 | N24: =A21 -> Argentina | O24: =IF(NOT(OR(ISBLANK(K24),ISBLANK(L24))),1,0) -> 1 | Q24: 3 | R24: =VLOOKUP(Q24,$AG$22:$AI$25,3,0) -> México | S24: =VLOOKUP(R24,$AI$22:$AR$25,2,FALSE) -> 4 | T24: =VLOOKUP($R24,$AI$22:$AR$25,3,FALSE) -> 3 | U24: =VLOOKUP($R24,$AI$22:$AR$25,4,FALSE) -> 1 | V24: =VLOOKUP($R24,$AI$22:$AR$25,5,FALSE) -> 1 | W24: =VLOOKUP($R24,$AI$22:$AR$25,6,FALSE) -> 1 | X24: =VLOOKUP($R24,$AI$22:$AR$25,7,FALSE) -> 2 | Y24: =VLOOKUP($R24,$AI$22:$AR$25,8,FALSE) -> 3 | Z24: =VLOOKUP($R24,$AI$22:$AR$25,9,FALSE) -> -1 | AA24: =IF(SUM($AK$22:$AK$25)=12,MIN(ABS(BY23-BY24),ABS(BY24-BY25)),100) -> 5000000 | AB24: =IF(AND(AA24>=0,AA24<90),VLOOKUP(Q24,$BU$22:$BV$25,2,0),"") | AF24: =VLOOKUP($R24,$AI$22:$AR$25,10,FALSE) -> 4.4412105e+09 | AG24: =RANK(AU24,$AU$22:$AU$25) -> 3 | AH24: =RANK(AR24,$AR$22:$AR$25) -> 3 | AI24: =A23 -> México | AJ24: =AL24*3+AM24*1+AN24*0 -> 4 | AK24: =COUNTIFS($I$4:$I$65,AI24,$K$4:$K$65,"<>",$L$4:$L$65,"<>")+COUNTIFS($N$4:$N$65,AI24,$L$4:$L$65,"<>",$K$4:$K$65,"<>") -> 3 | AL24: {=SUM(($I$4:$I$65=AI24)*($K$4:$K$65<>"")*($L$4:$L$65<>"")*($K$4:$K$65>$L$4:$L$65),($N$4:$N$65=AI24)*($K$4:$K$65<>"")*($L$4:$L$65<>"")*($K$4:$K$65<$L$4:$L$65))} -> 1 | AM24: {=SUM(($I$4:$I$65=AI24)*($K$4:$K$65<>"")*($L$4:$L$65<>"")*($K$4:$K$65=$L$4:$L$65),($N$4:$N$65=AI24)*($K$4:$K$65<>"")*($L$4:$L$65<>"")*($K$4:$K$65=$L$4:$L$65))} -> 1 | AN24: {=SUM(($I$4:$I$65=AI24)*($L$4:$L$65<>"")*($K$4:$K$65<>"")*($K$4:$K$65<$L$4:$L$65),($K$4:$K$65<>"")*($N$4:$N$65=AI24)*($L$4:$L$65<>"")*($K$4:$K$65>$L$4:$L$65))} -> 1 | AO24: {=SUMIFS($K$4:$K$65,$I$4:$I$65,AI24,$K$4:$K$65,"<>",$L$4:$L$65,"<>")+SUMIFS($L$4:$L$65,$N$4:$N$65,AI24,$K$4:$K$65,"<>",$L$4:$L$65,"<>")} -> 2 | AP24: {=SUMIFS($K$4:$K$65,$N$4:$N$65,AI24,$K$4:$K$65,"<>",$L$4:$L$65,"<>")+SUMIFS($L$4:$L$65,$I$4:$I$65,AI24,$K$4:$K$65,"<>",$L$4:$L$65,"<>")} -> 3 | AQ24: =AO24-AP24 -> -1 | AR24: =IF(AK24=0,-($AW$11*VLOOKUP(AI24,Tabla3[[NombreEquipo]:[Rank]],3,FALSE)),AJ24*$AW$4+AQ24*$AW$5+AO24*$AW$6+BA24-($AW$11*VLOOKUP(AI24,Tabla3[[NombreEquipo]:[Rank]],3,FALSE)/100)) -> 4.4412105e+09 | AS24: =AH24 -> 3 | AU24: =IFERROR(AR24-VLOOKUP(AI24,$AB$22:$AC$25,2,0),AR24) -> 4.4412105e+09 | AY24: =AI24 -> México | AZ24: =COUNTIF(AJ22:AJ25,AJ24) -> 2 | BA24: =(BB24*$AW$9)+(BH24*$AW$8)+(BN24*$AW$7) -> 210500 | BB24: =RANK(BC24,BC22:BC25,1) -> 1 | BC24: =SUM(IF(AND(AJ24=AJ25,AQ24=AQ25,AO24=AO25),BG24,0),IF(AND(AJ24=AJ22,AQ24=AQ22,AO24=AO22),BD24,0),IF(AND(AJ24=AJ23,AQ24=AQ23,AO24=AO23),BE24,0)) -> 0 | BD24: {=SUMIFS($K$20:$K$25,$I$20:$I$25,$AY24,$K$20:$K$25,"<>",$L$20:$L$25,"<>",$N$20:$N$25,BD21)+SUMIFS($L$20:$L$25,$I$20:$I$25,BD21,$K$20:$K$25,"<>",$L$20:$L$25,"<>",$N$20:$N$25,$AY24)} -> 0 | BE24: {=SUMIFS($K$20:$K$25,$I$20:$I$25,$AY24,$K$20:$K$25,"<>",$L$20:$L$25,"<>",$N$20:$N$25,BE21)+SUMIFS($L$20:$L$25,$I$20:$I$25,BE21,$K$20:$K$25,"<>",$L$20:$L$25,"<>",$N$20:$N$25,$AY24)} -> 2 | BF24: 0 | BG24: {=SUMIFS($K$20:$K$25,$I$20:$I$25,$AY24,$K$20:$K$25,"<>",$L$20:$L$25,"<>",$N$20:$N$25,BG21)+SUMIFS($L$20:$L$25,$I$20:$I$25,BG21,$K$20:$K$25,"<>",$L$20:$L$25,"<>",$N$20:$N$25,$AY24)} -> 0 | BH24: =RANK(BI24,BI22:BI25,1) -> 1 | BI24: =SUM(IF(AND(AJ24=AJ25,AQ24=AQ25,AO24=AO25),BM24,0),IF(AND(AJ24=AJ22,AQ24=AQ22,AO24=AO22),BJ24,0),IF(AND(AJ24=AJ23,AQ24=AQ23,AO24=AO23),BK24,0)) -> 0 | BJ24: =BD24-BF22 -> -2 | BK24: =BE24-BF23 -> 1 | BL24: 0 | BM24: =BG24-BF25 -> 0 | BN24: =RANK(BO24,BO22:BO25,1) -> 1 | BO24: =SUM(IF(AND(AJ24=AJ25,AQ24=AQ25,AO24=AO25),BS24,0),IF(AND(AJ24=AJ22,AQ24=AQ22,AO24=AO22),BP24,0),IF(AND(AJ24=AJ23,AQ24=AQ23,AO24=AO23),BQ24,0)) -> 0 | BP24: {=SUM((I$4:I$49=AY24)*(N$4:N$49=BP21)*(K$4:K$49<>"")*(L$4:L$49<>"")*(K$4:K$49>L$4:L$49)*3,(N$4:N$49=AY24)*(I$4:I$49=BP21)*(K$4:K$49<>"")*(L$4:L$49<>"")*(K$4:K$49=L$4:L$49)*1,(N$4:N$49=AY24)*(I$4:I$49=BP21)*(K$4:K$49<>"")*(L$4:L$49<>"")*(K$4:K$49<L$4:L$49)*3,(I$4:I$49=AY24)*(N$4:N$49=BP21)*(K$4:K$49<>"")*(L$4:L$49<>"")*(K$4:K$49=L$4:L$49)*1)} -> 0 | BQ24: {=SUM((I$4:I$49=AY24)*(N$4:N$49=BQ21)*(K$4:K$49<>"")*(L$4:L$49<>"")*(K$4:K$49>L$4:L$49)*3,(N$4:N$49=AY24)*(I$4:I$49=BQ21)*(K$4:K$49<>"")*(L$4:L$49<>"")*(K$4:K$49=L$4:L$49)*1,(N$4:N$49=AY24)*(I$4:I$49=BQ21)*(K$4:K$49<>"")*(L$4:L$49<>"")*(K$4:K$49<L$4:L$49)*3,(I$4:I$49=AY24)*(N$4:N$49=BQ21)*(K$4:K$49<>"")*(L$4:L$49<>"")*(K$4:K$49=L$4:L$49)*1)} -> 3 | BR24: 0 | BS24: {=SUM((I$4:I$49=AY24)*(N$4:N$49=BS21)*(K$4:K$49<>"")*(L$4:L$49<>"")*(K$4:K$49>L$4:L$49)*3,(N$4:N$49=AY24)*(I$4:I$49=BS21)*(K$4:K$49<>"")*(L$4:L$49<>"")*(K$4:K$49=L$4:L$49)*1,(N$4:N$49=AY24)*(I$4:I$49=BS21)*(K$4:K$49<>"")*(L$4:L$49<>"")*(K$4:K$49<L$4:L$49)*3,(I$4:I$49=AY24)*(N$4:N$49=BS21)*(K$4:K$49<>"")*(L$4:L$49<>"")*(K$4:K$49=L$4:L$49)*1)} -> 1 | BT24: 3 | BU24: =RANK(BW24,$BW$22:$BW$25) -> 3 | BV24: =A23 -> México | BW24: =AR24 -> 4.4412105e+09 | BX24: =VLOOKUP(Q24,$AH$22:$AI$25,2,0) -> México | BY24: =VLOOKUP($BX24,$AI$22:$AR$25,10,FALSE) -> 4.4412105e+09 | CA24: 3 | CB24: =VLOOKUP(CA24,$AH$22:$AI$25,2,0) -> México | CC24: =VLOOKUP(CB24,$AI$22:$AR$25,2,FALSE) -> 4 | CD24: =IF(SUM($AK$22:$AK$25)=12,MIN(ABS(BY23-BY24),ABS(BY24-BY25)),100) -> 5000000 | CE24: =VLOOKUP($CB24,$AI$22:$AR$25,9,FALSE) -> -1 | CF24: =VLOOKUP($CB24,$AI$22:$AR$25,7,FALSE) -> 2 | CH24: {=IF($CI$22=$CL$21,$EC$21:$EC$24,IF($CI$22=$CM$21,$ED$21:$ED$23,IF(OR($CI$22=$CN$21,$CI$22=$CR$21),$EG$21:$EG$22,IF($CI$22=$CP$21,$EF$21:$EF$23,(IF($CI$22=$CQ$21,$EH$21:$EH$22,$EK$21))))))} -> 3 | CK24: 3 | CL24: {=IF(AND($CC$22:$CC$25=$CC$24,$CD$22:$CD$25<90,$AQ$22:$AQ$25=$AQ$24,$CF$22:$CF$25=$CF$24),1,0)} -> 0 | CM24: {=IF(AND($CC$22:$CC$24=$CC$24,$CD$22:$CD$24<90,$CC$24<>$CC$25),1,0)} -> 0 | CN24: {=IF(AND($CC$24:$CC$25=$CC$24,$CD$24:$CD$25<90,$CC$24<>$CC$23),1,0)} -> 0 | CO24: {=IF(OR(AND($CC$24<>$CC$23,$CC$24<>$CC$25),AND($CC$24<>$CC$23,$CC$24=$CC$25,$CD$24>90,$CD$25>90)),1,0)} -> 0 | CP24: {=IF(AND($CC$23:$CC$25=$CC$23,$CD$23:$CD$25<90,$CC$22<>$CC$24),1,0)} -> 0 | CQ24: {=IF(AND($CC$23:$CC$24=$CC$24,$CD$23:$CD$24<90,$CC$24<>$CC$22,$CC$24<>$CC$25),1,0)} -> 0 | CR24: {=IF(AND($CC$24:$CC$25=$CC$24,$CD$24:$CD$25<90,$CC$24<>$CC$23),1,0)} -> 0 | CS24: {=IF(AND($CC$24<>$CC$23,$CC$24<>$CC$25),1,0)} -> 0 | CT24: {=IF(AND($CC$22:$CC$25=$CC$22,$CD$22:$CD$25<90,$CE$24:$CE$25=$CE$24,$CE$23<>$CE$24),1,0)} -> 0 | CU24: {=IF(AND($CC$22:$CC$25=$CC$22,$CD$22:$CD$25<90,$CE$22:$CE$25=$CE$22,$CF$24=$CF$25,$CF$23<>$CF$24),1,0)} -> 0 | CV24: {=IF(AND($CC$22:$CC$24=$CC$24,$CD$22:$CD$23<90,$CD$24>90),1,0)} -> 0 | CW24: {=IF(AND($CC$23<>$CC$22,$CC$23:$CC$25=$CC$24,$CD$23>90,$CD$24:$CD$25<90),1,0)} -> 0 | CX24: {=IF(AND($CC$23<>$CC$22,$CC$23:$CC$25=$CC$23,$CD$25>90,$CD$23:$CD$24<90),1,0)} -> 0 | CY24: {=IF(AND($CC$24<>$CC$25,$CC$22:$CC$24=$CC$24,$CD$22>90,$CD$23:$CD$24<90),1,0)} -> 0 | CZ24: {=IF(AND($CC$22:$CC$25=$CC$23,$CD$23:$CD$25<90,$CD$22<>$CD$24),1,0)} -> 0 | DA24: {=IF(AND($CC$22:$CC$25=$CC$24,$CD$22:$CD$24<90,$CD$24<>$CD$25),1,0)} -> 0 | DB24: {=IF(AND($CC$22:$CC$25=$CC$24,$CD$22:$CD$23>90,$CD$24:$CD$25<90,$CE$22:$CE$25=$CE$24,$CF$22>$CF$23,$CF$23>$CF$24,$CF$24=$CF$25),1,0)} -> 0 | DC24: {=IF(AND($CC$22:$CC$25=$CC$24,$CD$22>90,$CD$23:$CD$24<90,$CD$25>90,$CE$22:$CE$25=$CE$24,$CF$22>$CF$23,$CF$23=$CF$24,$CF$24>$CF$25),1,0)} -> 0 | DD24: {=IF(AND($CC$22:$CC$25=$CC$24,$CD$22:$CD$23<90,$CD$24:$CD$25>90,$CE$22:$CE$25=$CE$24,$CF$22=$CF$23,$CF$23>$CF$24,$CF$24>$CF$25),1,0)} -> 0 | DE24: {=IF(AND($CC$22:$CC$25=$CC$24,$CD$22:$CD$23>90,$CD$24:$CD$25<90,$CE$22:$CE$25=$CE$23,$CF$22>$CF$24,$CF$23:$CF$25=$CF$24),1,0)} -> 0 | DF24: {=IF(AND($CC$22:$CC$25=$CC$24,$CD$22:$CD$23<90,$CD$24:$CD$25>90,$CE$22:$CE$25=$CE$24,$CF$22:$CF$24=$CF$24,$CF$24>$CF$25),1,0)} -> 0 | DG24: {=IF(AND($CC$22:$CC$25=$CC$24,$CD$22>90,$CD$25>90,$CD$23:$CD$24<90,$CE$22:$CE$25=$CE$24,$CF$22>$CF$23:$CF$25,$CF$23:$CF$25=$CF$24),1,0)} -> 0 | EC24: 4
F25: =Horarios!C25 -> 44895.917 | G25: =Horarios!C25 -> 44895.917 | H25: J3 | I25: =A22 -> Arabia Saudita | J25: =VLOOKUP(I25,Equipos!$H$2:$I$33,2,0) -> 🇸🇦 | K25: 1 | L25: 2 | M25: =VLOOKUP(N25,Equipos!$H$2:$I$33,2,0) -> 🇲🇽 | N25: =A23 -> México | O25: =IF(NOT(OR(ISBLANK(K25),ISBLANK(L25))),1,0) -> 1 | Q25: 4 | R25: =VLOOKUP(Q25,$AG$22:$AI$25,3,0) -> Arabia Saudita | S25: =VLOOKUP(R25,$AI$22:$AR$25,2,FALSE) -> 3 | T25: =VLOOKUP($R25,$AI$22:$AR$25,3,FALSE) -> 3 | U25: =VLOOKUP($R25,$AI$22:$AR$25,4,FALSE) -> 1 | V25: =VLOOKUP($R25,$AI$22:$AR$25,5,FALSE) -> 0 | W25: =VLOOKUP($R25,$AI$22:$AR$25,6,FALSE) -> 2 | X25: =VLOOKUP($R25,$AI$22:$AR$25,7,FALSE) -> 3 | Y25: =VLOOKUP($R25,$AI$22:$AR$25,8,FALSE) -> 5 | Z25: =VLOOKUP($R25,$AI$22:$AR$25,9,FALSE) -> -2 | AA25: =IF(SUM($AK$22:$AK$25)=12,MIN(ABS(BY24-BY25),ABS(BY25-BY26)),100) -> 1.115e+09 | AB25: =IF(AND(AA25>=0,AA25<90),VLOOKUP(Q25,$BU$22:$BV$25,2,0),"") | AF25: =VLOOKUP($R25,$AI$22:$AR$25,10,FALSE) -> 3.3262105e+09 | AG25: =RANK(AU25,$AU$22:$AU$25) -> 2 | AH25: =RANK(AR25,$AR$22:$AR$25) -> 2 | AI25: =A24 -> Polonia | AJ25: =AL25*3+AM25*1+AN25*0 -> 4 | AK25: =COUNTIFS($I$4:$I$65,AI25,$K$4:$K$65,"<>",$L$4:$L$65,"<>")+COUNTIFS($N$4:$N$65,AI25,$L$4:$L$65,"<>",$K$4:$K$65,"<>") -> 3 | AL25: {=SUM(($I$4:$I$65=AI25)*($K$4:$K$65<>"")*($L$4:$L$65<>"")*($K$4:$K$65>$L$4:$L$65),($N$4:$N$65=AI25)*($K$4:$K$65<>"")*($L$4:$L$65<>"")*($K$4:$K$65<$L$4:$L$65))} -> 1 | AM25: {=SUM(($I$4:$I$65=AI25)*($K$4:$K$65<>"")*($L$4:$L$65<>"")*($K$4:$K$65=$L$4:$L$65),($N$4:$N$65=AI25)*($K$4:$K$65<>"")*($L$4:$L$65<>"")*($K$4:$K$65=$L$4:$L$65))} -> 1 | AN25: {=SUM(($I$4:$I$65=AI25)*($L$4:$L$65<>"")*($K$4:$K$65<>"")*($K$4:$K$65<$L$4:$L$65),($K$4:$K$65<>"")*($N$4:$N$65=AI25)*($L$4:$L$65<>"")*($K$4:$K$65>$L$4:$L$65))} -> 1 | AO25: {=SUMIFS($K$4:$K$65,$I$4:$I$65,AI25,$K$4:$K$65,"<>",$L$4:$L$65,"<>")+SUMIFS($L$4:$L$65,$N$4:$N$65,AI25,$K$4:$K$65,"<>",$L$4:$L$65,"<>")} -> 2 | AP25: {=SUMIFS($K$4:$K$65,$N$4:$N$65,AI25,$K$4:$K$65,"<>",$L$4:$L$65,"<>")+SUMIFS($L$4:$L$65,$I$4:$I$65,AI25,$K$4:$K$65,"<>",$L$4:$L$65,"<>")} -> 2 | AQ25: =AO25-AP25 -> 0 | AR25: =IF(AK25=0,-($AW$11*VLOOKUP(AI25,Tabla3[[NombreEquipo]:[Rank]],3,FALSE)),AJ25*$AW$4+AQ25*$AW$5+AO25*$AW$6+BA25-($AW$11*VLOOKUP(AI25,Tabla3[[NombreEquipo]:[Rank]],3,FALSE)/100)) -> 4.4462105e+09 | AS25: =AH25 -> 2 | AU25: =IFERROR(AR25-VLOOKUP(AI25,$AB$22:$AC$25,2,0),AR25) -> 4.4462105e+09 | AY25: =AI25 -> Polonia | AZ25: =COUNTIF(AJ22:AJ25,AJ25) -> 2 | BA25: =(BB25*$AW$9)+(BH25*$AW$8)+(BN25*$AW$7) -> 210500 | BB25: =RANK(BC25,BC22:BC25,1) -> 1 | BC25: =SUM(IF(AND(AJ25=AJ22,AQ25=AQ22,AO25=AO22),BD25,0),IF(AND(AJ25=AJ23,AQ25=AQ23,AO25=AO23),BE25,0),IF(AND(AJ25=AJ24,AQ25=AQ24,AO25=AO24),BF25,0)) -> 0 | BD25: {=SUMIFS($K$20:$K$25,$I$20:$I$25,$AY25,$K$20:$K$25,"<>",$L$20:$L$25,"<>",$N$20:$N$25,BD21)+SUMIFS($L$20:$L$25,$I$20:$I$25,BD21,$K$20:$K$25,"<>",$L$20:$L$25,"<>",$N$20:$N$25,$AY25)} -> 0 | BE25: {=SUMIFS($K$20:$K$25,$I$20:$I$25,$AY25,$K$20:$K$25,"<>",$L$20:$L$25,"<>",$N$20:$N$25,BE21)+SUMIFS($L$20:$L$25,$I$20:$I$25,BE21,$K$20:$K$25,"<>",$L$20:$L$25,"<>",$N$20:$N$25,$AY25)} -> 2 | BF25: {=SUMIFS($K$20:$K$25,$I$20:$I$25,$AY25,$K$20:$K$25,"<>",$L$20:$L$25,"<>",$N$20:$N$25,BF21)+SUMIFS($L$20:$L$25,$I$20:$I$25,BF21,$K$20:$K$25,"<>",$L$20:$L$25,"<>",$N$20:$N$25,$AY25)} -> 0 | BG25: 0 | BH25: =RANK(BI25,BI22:BI25,1) -> 1 | BI25: =SUM(IF(AND(AJ25=AJ22,AQ25=AQ22,AO25=AO22),BJ25,0),IF(AND(AJ25=AJ23,AQ25=AQ23,AO25=AO23),BK25,0),IF(AND(AJ25=AJ24,AQ25=AQ24,AO25=AO24),BL25,0)) -> 0 | BJ25: =BD25-BG22 -> -2 | BK25: =BE25-BG23 -> 2 | BL25: =BF25-BG24 -> 0 | BM25: 0 | BN25: =RANK(BO25,BO22:BO25,1) -> 1 | BO25: =SUM(IF(AND(AJ25=AJ22,AQ25=AQ22,AO25=AO22),BP25,0),IF(AND(AJ25=AJ23,AQ25=AQ23,AO25=AO23),BQ25,0),IF(AND(AJ25=AJ24,AQ25=AQ24,AO25=AO24),BR25,0)) -> 0 | BP25: {=SUM((I$4:I$49=AY25)*(N$4:N$49=BP21)*(K$4:K$49<>"")*(L$4:L$49<>"")*(K$4:K$49>L$4:L$49)*3,(N$4:N$49=AY25)*(I$4:I$49=BP21)*(K$4:K$49<>"")*(L$4:L$49<>"")*(K$4:K$49=L$4:L$49)*1,(N$4:N$49=AY25)*(I$4:I$49=BP21)*(K$4:K$49<>"")*(L$4:L$49<>"")*(K$4:K$49<L$4:L$49)*3,(I$4:I$49=AY25)*(N$4:N$49=BP21)*(K$4:K$49<>"")*(L$4:L$49<>"")*(K$4:K$49=L$4:L$49)*1)} -> 0 | BQ25: {=SUM((I$4:I$49=AY25)*(N$4:N$49=BQ21)*(K$4:K$49<>"")*(L$4:L$49<>"")*(K$4:K$49>L$4:L$49)*3,(N$4:N$49=AY25)*(I$4:I$49=BQ21)*(K$4:K$49<>"")*(L$4:L$49<>"")*(K$4:K$49=L$4:L$49)*1,(N$4:N$49=AY25)*(I$4:I$49=BQ21)*(K$4:K$49<>"")*(L$4:L$49<>"")*(K$4:K$49<L$4:L$49)*3,(I$4:I$49=AY25)*(N$4:N$49=BQ21)*(K$4:K$49<>"")*(L$4:L$49<>"")*(K$4:K$49=L$4:L$49)*1)} -> 3 | BR25: {=SUM((I$4:I$49=AY25)*(N$4:N$49=BR21)*(K$4:K$49<>"")*(L$4:L$49<>"")*(K$4:K$49>L$4:L$49)*3,(N$4:N$49=AY25)*(I$4:I$49=BR21)*(K$4:K$49<>"")*(L$4:L$49<>"")*(K$4:K$49=L$4:L$49)*1,(N$4:N$49=AY25)*(I$4:I$49=BR21)*(K$4:K$49<>"")*(L$4:L$49<>"")*(K$4:K$49<L$4:L$49)*3,(I$4:I$49=AY25)*(N$4:N$49=BR21)*(K$4:K$49<>"")*(L$4:L$49<>"")*(K$4:K$49=L$4:L$49)*1)} -> 1 | BS25: 0 | BT25: 4 | BU25: =RANK(BW25,$BW$22:$BW$25) -> 2 | BV25: =A24 -> Polonia | BW25: =AR25 -> 4.4462105e+09 | BX25: =VLOOKUP(Q25,$AH$22:$AI$25,2,0) -> Arabia Saudita | BY25: =VLOOKUP($BX25,$AI$22:$AR$25,10,FALSE) -> 3.3262105e+09 | CA25: 4 | CB25: =VLOOKUP(CA25,$AH$22:$AI$25,2,0) -> Arabia Saudita | CC25: =VLOOKUP(CB25,$AI$22:$AR$25,2,FALSE) -> 3 | CD25: =IF(SUM($AK$22:$AK$25)=12,MIN(ABS(BY24-BY25),ABS(BY25-BY26)),100) -> 1.115e+09 | CE25: =VLOOKUP($CB25,$AI$22:$AR$25,9,FALSE) -> -2 | CF25: =VLOOKUP($CB25,$AI$22:$AR$25,7,FALSE) -> 3 | CH25: {=IF($CI$22=$CL$21,$EC$21:$EC$24,IF(OR($CI$22=$CN$21,$CI$22=$CR$21),$EG$21:$EG$22,IF($CI$22=$CP$21,$EF$21:$EF$23,$EL$21)))} -> 4 | CK25: 4 | CL25: {=IF(AND($CC$22:$CC$25=$CC$25,$CD$22:$CD$25<90,$AQ$22:$AQ$25=$AQ$25,$CF$22:$CF$25=$CF$25),1,0)} -> 0 | CM25: {=IF(AND($CC$22:$CC$24=$CC$22,$CD$22:$CD$24<90,$CD$25>90,$CC$22<>$CC$25),1,0)} -> 0 | CN25: {=IF(AND($CC$24:$CC$25=$CC$24,$CD$24:$CD$25<90,$CC$24<>$CC$23),1,0)} -> 0 | CO25: {=IF(AND($CC$25<>$CC$23,$CC$25<>$CC$22),1,0)} -> 1 | CP25: {=IF(AND($CC$23:$CC$25=$CC$23,$CD$23:$CD$25<90,$CC$22<>$CC$25),1,0)} -> 0 | CQ25: {=IF(AND($CC$25<>$CC$23,$CC$25<>$CC$22),1,0)} -> 1 | CR25: {=IF(AND($CC$24:$CC$25=$CC$24,$CD$24:$CD$25<90,$CC$24<>$CC$23),1,0)} -> 0 | CS25: {=IF(AND($CC$25<>$CC$23,$CC$25<>$CC$22),1,0)} -> 1 | CT25: {=IF(AND($CC$22:$CC$25=$CC$22,$CD$22:$CD$25<90,$CE$24:$CE$25=$CE$25,$CE$23<>$CE$25),1,0)} -> 0 | CU25: {=IF(AND($CC$22:$CC$25=$CC$22,$CD$22:$CD$25<90,$CE$22:$CE$25=$CE$22,$CF$24=$CF$25,$CF$23<>$CF$24),1,0)} -> 0 | CV25: {=IF(AND($CC$22:$CC$24=$CC$22,$CD$22:$CD$23<90,$CC$24<>$CC$25),1,0)} -> 0 | CW25: {=IF(AND($CC$23<>$CC$22,$CC$23:$CC$25=$CC$24,$CD$23>90,$CD$24:$CD$25<90),1,0)} -> 0 | CX25: {=IF(AND($CC$23<>$CC$22,$CC$23:$CC$25=$CC$23,$CD$25>90,$CD$23:$CD$24<90),1,0)} -> 0 | CY25: {=IF(AND($CC$25<>$CC$23,$CC$25<>$CC$24),1,0)} -> 1 | CZ25: {=IF(AND($CC$22:$CC$25=$CC$23,$CD$23:$CD$25<90,$CD$22<>$CD$25),1,0)} -> 0 | DA25: {=IF(AND($CC$22:$CC$25=$CC$22,$CD$22:$CD$24<90,$CD$24<>$CD$25),1,0)} -> 0 | DB25: {=IF(AND($CC$22:$CC$25=$CC$25,$CD$22:$CD$23>90,$CD$24:$CD$25<90,$CE$22:$CE$25=$CE$25,$CF$22>$CF$23,$CF$23>$CF$25,$CF$24=$CF$25),1,0)} -> 0 | DC25: {=IF(AND($CC$22:$CC$25=$CC$23,$CD$22>90,$CD$23:$CD$24<90,$CD$25>90,$CE$22:$CE$25=$CE$25,$CF$22>$CF$25,$CF$23=$CF$24,$CF$23>$CF$25),1,0)} -> 0 | DD25: {=IF(AND($CC$22:$CC$25=$CC$25,$CD$22:$CD$23<90,$CD$24:$CD$25>90,$CE$22:$CE$25=$CE$25,$CF$22=$CF$23,$CF$23>$CF$24,$CF$24>$CF$25),1,0)} -> 0 | DE25: {=IF(AND($CC$22:$CC$25=$CC$25,$CD$22:$CD$23>90,$CD$24:$CD$25<90,$CE$22:$CE$25=$CE$25,$CF$22>$CF$25,$CF$23:$CF$25=$CF$25),1,0)} -> 0 | DF25: {=IF(AND($CC$22:$CC$25=$CC$25,$CD$22:$CD$23<90,$CD$24:$CD$25>90,$CE$22:$CE$25=$CE$25,$CF$22:$CF$24=$CF$24,$CF$22:$CF$24>$CF$25),1,0)} -> 0 | DG25: {=IF(AND($CC$22:$CC$25=$CC$25,$CD$22>90,$CD$25>90,$CD$23:$CD$24<90,$CE$22:$CE$25=$CE$25,$CF$22>$CF$23:$CF$25,$CF$23:$CF$25=$CF$25),1,0)} -> 0
F27: =F11 -> Fecha | G27: =G11 -> Hora | H27: =H11 -> Jor. | I27: =I11 -> Casa | K27: Gol | L27: Gol | N27: =N11 -> Fuera | CL27: 1 | CM27: 12 | CN27: 18 | CO27: 19 | CP27: 13 | CQ27: 20 | CR27: 21 | CS27: 22 | CT27: 3 | CU27: 2 | CV27: 14 | CW27: 17 | CX27: 16 | CY27: 15 | CZ27: 4 | DA27: 5 | DB27: 10 | DC27: 8 | DD27: 6 | DE27: 11 | DF27: 7 | DG27: 9 | EC27: OP1 | ED27: OP2 | EE27: OP3 | EF27: OP4 | EG27: OP5 | EH27: OP6 | EI27: OP7 | EJ27: OP8 | EK27: OP9 | EL27: OP10
A28: NombreEquipo | B28: D | C28: =COUNTIF(Equipos!$C$2:$C$33,MUNDIAL!B28) -> 4 | E28: D | F28: =Horarios!C28 -> 44887.667 | G28: =Horarios!C28 -> 44887.667 | H28: J1 | I28: =A30 -> Dinamarca | J28: =VLOOKUP(I28,Equipos!$H$2:$I$33,2,0) -> 🇩🇰 | K28: 0 | L28: 0 | M28: =VLOOKUP(N28,Equipos!$H$2:$I$33,2,0) -> 🇹🇳 | N28: =A31 -> Túnez | O28: =IF(NOT(OR(ISBLANK(K28),ISBLANK(L28))),1,0) -> 1 | Q28: =CONCATENATE("Grupo"," ",B28) -> Grupo D | AB28: ¡EMPATE! Puedes seleccionar el orden de los empatados. | AH28: =CONCATENATE("Auxiliar - ",Q28) -> Auxiliar - Grupo D | AU28: NR | AY28: =CONCATENATE(Q28," - GOLAVERAGE") -> Grupo D - GOLAVERAGE | BB28: Goles - Partidos Cruzados | BH28: Diferencia de Goles - Partidos Cruzados | BN28: Puntos - Partidos Cruzados | CI28: Valor | CK28: Sum | CL28: =SUM(CL30:CL33) -> 0 | CM28: =SUM(CM30:CM33) -> 0 | CN28: =SUM(CN30:CN33) -> 0 | CO28: =SUM(CO30:CO33) -> 2 | CP28: =SUM(CP30:CP33) -> 0 | CQ28: =SUM(CQ30:CQ33) -> 2 | CR28: =SUM(CR30:CR33) -> 2 | CS28: =SUM(CS30:CS33) -> 4 | ... DG28: =SUM(DG30:DG33) -> 0 | EC28: 1234 | ED28: 123 | EE28: 12 | EF28: 234 | EG28: 34 | EH28: 23 | EI28: 1 | EJ28: 2 | EK28: 3 | EL28: 4
A29: {=IF(ROWS(A$29:A29)<=$C$28,INDEX(INDIRECT(A$28),SMALL(IF(Nivell=$B$28,ROW(Nivell)-ROW(Equipos!$C$2)+1),ROWS(B$28:B28))),"")} -> Francia | F29: =Horarios!C29 -> 44887.917 | G29: =Horarios!C29 -> 44887.917 | H29: J1 | I29: =A29 -> Francia | J29: =VLOOKUP(I29,Equipos!$H$2:$I$33,2,0) -> 🇫🇷 | K29: 4 | L29: 1 | M29: =VLOOKUP(N29,Equipos!$H$2:$I$33,2,0) -> 🇦🇺 | N29: =A32 -> Australia | O29: =IF(NOT(OR(ISBLANK(K29),ISBLANK(L29))),1,0) -> 1 | Q29: Pos | R29: Selección | S29: Pts | T29: J | U29: G | V29: E | W29: P | X29: GF | Y29: GC | Z29: DG | AA29: =COUNTIF(AA30:AA33,"<100") -> 0 | AG29: NR | AH29: Puesto | AI29: Equipo | AJ29: Ptos | AK29: J | AL29: G | AM29: E | AN29: P | AO29: GF | AP29: GC | AQ29: Dif | AR29: Rank | AS29: Puesto | AY29: Equipo | AZ29: NEquipEqual | BA29: PUNTOS | BB29: Ranking Inv | BC29: Entre Iguales | BD29: =AY30 -> Francia | BE29: =AY31 -> Dinamarca | BF29: =AY32 -> Túnez | BG29: =AY33 -> Australia | BH29: Ranking Inv | BI29: Entre Iguales | BJ29: =BD29 -> Francia | BK29: =BE29 -> Dinamarca | BL29: =BF29 -> Túnez | BM29: =BG29 -> Australia | BN29: Ranking Inv | BO29: Entre Iguales | BP29: =BD29 -> Francia | BQ29: =BE29 -> Dinamarca | BR29: =BF29 -> Túnez | BS29: =BG29 -> Australia | BV29: Inicio | BX29: 1R | CB29: Equipo | CC29: Ptos | CD29: Signo | CE29: Dif | CF29: Gf | CK29: Com | CL29: COM_1 | CM29: COM_2 | CN29: COM_3 | CO29: COM_4 | CP29: COM_5 | CQ29: COM_6 | CR29: COM_7 | CS29: COM_8 | CT29: COM_3 | CU29: COM_3 | CV29: COM_4 | CW29: COM_7 | CX29: COM_6 | CY29: COM_6 | CZ29: COM_5 | DA29: COM_2 | DB29: COM_7 | DC29: COM_6 | DD29: COM_4 | DE29: COM_7 | DF29: COM_4 | DG29: COM_6 | EC29: 1 | ED29: 1 | EE29: 1 | EF29: 2 | EG29: 3 | EH29: 2 | EI29: 1 | EJ29: 2 | EK29: 3 | EL29: 4
A30: {=IF(ROWS(A$29:A30)<=$C$28,INDEX(INDIRECT(A$28),SMALL(IF(Nivell=$B$28,ROW(Nivell)-ROW(Equipos!$C$2)+1),ROWS(B$28:B29))),"")} -> Dinamarca | F30: =Horarios!C30 -> 44891.542 | G30: =Horarios!C30 -> 44891.542 | H30: J2 | I30: =A31 -> Túnez | J30: =VLOOKUP(I30,Equipos!$H$2:$I$33,2,0) -> 🇹🇳 | K30: 0 | L30: 1 | M30: =VLOOKUP(N30,Equipos!$H$2:$I$33,2,0) -> 🇦🇺 | N30: =A32 -> Australia | O30: =IF(NOT(OR(ISBLANK(K30),ISBLANK(L30))),1,0) -> 1 | Q30: 1 | R30: =VLOOKUP(Q30,$AG$30:$AI$33,3,0) -> Francia | S30: =VLOOKUP(R30,$AI$30:$AR$33,2,FALSE) -> 7 | T30: =VLOOKUP($R30,$AI$30:$AR$33,3,FALSE) -> 3 | U30: =VLOOKUP($R30,$AI$30:$AR$33,4,FALSE) -> 2 | V30: =VLOOKUP($R30,$AI$30:$AR$33,5,FALSE) -> 1 | W30: =VLOOKUP($R30,$AI$30:$AR$33,6,FALSE) -> 0 | X30: =VLOOKUP($R30,$AI$30:$AR$33,7,FALSE) -> 7 | Y30: =VLOOKUP($R30,$AI$30:$AR$33,8,FALSE) -> 3 | Z30: =VLOOKUP($R30,$AI$30:$AR$33,9,FALSE) -> 4 | AA30: =IF(SUM($AK$30:$AK$33)=12,MIN(ABS(BY29-BY30),ABS(BY30-BY31)),100) -> 1.14e+09 | AB30: =IF(AND(AA30>=0,AA30<90),VLOOKUP(Q30,$BU$30:$BV$33,2,0),"") | AF30: =VLOOKUP($R30,$AI$30:$AR$33,10,FALSE) -> 7.8042105e+09 | AG30: =RANK(AU30,$AU$30:$AU$33) -> 1 | AH30: =RANK(AR30,$AR$30:$AR$33) -> 1 | AI30: =A29 -> Francia | AJ30: =AL30*3+AM30*1+AN30*0 -> 7 | AK30: =COUNTIFS($I$4:$I$65,AI30,$K$4:$K$65,"<>",$L$4:$L$65,"<>")+COUNTIFS($N$4:$N$65,AI30,$L$4:$L$65,"<>",$K$4:$K$65,"<>") -> 3 | AL30: {=SUM(($I$4:$I$65=AI30)*($K$4:$K$65<>"")*($L$4:$L$65<>"")*($K$4:$K$65>$L$4:$L$65),($N$4:$N$65=AI30)*($K$4:$K$65<>"")*($L$4:$L$65<>"")*($K$4:$K$65<$L$4:$L$65))} -> 2 | AM30: {=SUM(($I$4:$I$65=AI30)*($K$4:$K$65<>"")*($L$4:$L$65<>"")*($K$4:$K$65=$L$4:$L$65),($N$4:$N$65=AI30)*($K$4:$K$65<>"")*($L$4:$L$65<>"")*($K$4:$K$65=$L$4:$L$65))} -> 1 | AN30: {=SUM(($I$4:$I$65=AI30)*($L$4:$L$65<>"")*($K$4:$K$65<>"")*($K$4:$K$65<$L$4:$L$65),($K$4:$K$65<>"")*($N$4:$N$65=AI30)*($L$4:$L$65<>"")*($K$4:$K$65>$L$4:$L$65))} -> 0 | AO30: {=SUMIFS($K$4:$K$65,$I$4:$I$65,AI30,$K$4:$K$65,"<>",$L$4:$L$65,"<>")+SUMIFS($L$4:$L$65,$N$4:$N$65,AI30,$K$4:$K$65,"<>",$L$4:$L$65,"<>")} -> 7 | AP30: {=SUMIFS($K$4:$K$65,$N$4:$N$65,AI30,$K$4:$K$65,"<>",$L$4:$L$65,"<>")+SUMIFS($L$4:$L$65,$I$4:$I$65,AI30,$K$4:$K$65,"<>",$L$4:$L$65,"<>")} -> 3 | AQ30: =AO30-AP30 -> 4 | AR30: =IF(AK30=0,-($AW$11*VLOOKUP(AI30,Tabla3[[NombreEquipo]:[Rank]],3,FALSE)),AJ30*$AW$4+AQ30*$AW$5+AO30*$AW$6+BA30-($AW$11*VLOOKUP(AI30,Tabla3[[NombreEquipo]:[Rank]],3,FALSE)/100)) -> 7.8042105e+09 | AS30: =AH30 -> 1 | AU30: =IFERROR(AR30-VLOOKUP(AI30,$AB$30:$AC$33,2,0),AR30) -> 7.8042105e+09 | AY30: =AI30 -> Francia | AZ30: =COUNTIF(AJ30:AJ33,AJ30) -> 1 | BA30: =(BB30*$AW$9)+(BH30*$AW$8)+(BN30*$AW$7) -> 210500 | BB30: =RANK(BC30,BC30:BC33,1) -> 1 | BC30: =SUM(IF(AND(AJ30=AJ31,AQ30=AQ31,AO30=AO31),BE30,0),IF(AND(AJ30=AJ32,AQ30=AQ32,AO30=AO32),BF30,0),IF(AND(AJ30=AJ33,AQ30=AQ33,AO30=AO33),BG30,0)) -> 0 | BD30: 0 | BE30: {=SUMIFS($K$28:$K$33,$I$28:$I$33,$AY30,$K$28:$K$33,"<>",$L$28:$L$33,"<>",$N$28:$N$33,BE29)+SUMIFS($L$28:$L$33,$I$28:$I$33,BE29,$K$28:$K$33,"<>",$L$28:$L$33,"<>",$N$28:$N$33,$AY30)} -> 2 | BF30: {=SUMIFS($K$28:$K$33,$I$28:$I$33,$AY30,$K$28:$K$33,"<>",$L$28:$L$33,"<>",$N$28:$N$33,BF29)+SUMIFS($L$28:$L$33,$I$28:$I$33,BF29,$K$28:$K$33,"<>",$L$28:$L$33,"<>",$N$28:$N$33,$AY30)} -> 1 | BG30: {=SUMIFS($K$28:$K$33,$I$28:$I$33,$AY30,$K$28:$K$33,"<>",$L$28:$L$33,"<>",$N$28:$N$33,BG29)+SUMIFS($L$28:$L$33,$I$28:$I$33,BG29,$K$28:$K$33,"<>",$L$28:$L$33,"<>",$N$28:$N$33,$AY30)} -> 4 | BH30: =RANK(BI30,BI30:BI33,1) -> 1 | BI30: =SUM(IF(AND(AJ30=AJ31,AQ30=AQ31,AO30=AO31),BK30,0),IF(AND(AJ30=AJ32,AQ30=AQ32,AO30=AO32),BL30,0),IF(AND(AJ30=AJ33,AQ30=AQ33,AO30=AO33),BM30,0)) -> 0 | BJ30: 0 | BK30: =BE30-BD31 -> 1 | BL30: =BF30-BD32 -> 0 | BM30: =BG30-BD33 -> 3 | BN30: =RANK(BO30,BO30:BO33,1) -> 1 | BO30: =SUM(IF(AND(AJ30=AJ31,AQ30=AQ31,AO30=AO31),BQ30,0),IF(AND(AJ30=AJ32,AQ30=AQ32,AO30=AO32),BR30,0),IF(AND(AJ30=AJ33,AQ30=AQ33,AO30=AO33),BS30,0)) -> 0 | BP30: 0 | BQ30: {=SUM((I$4:I$49=AY30)*(N$4:N$49=BQ29)*(K$4:K$49<>"")*(L$4:L$49<>"")*(K$4:K$49>L$4:L$49)*3,(N$4:N$49=AY30)*(I$4:I$49=BQ29)*(K$4:K$49<>"")*(L$4:L$49<>"")*(K$4:K$49=L$4:L$49)*1,(N$4:N$49=AY30)*(I$4:I$49=BQ29)*(K$4:K$49<>"")*(L$4:L$49<>"")*(K$4:K$49<L$4:L$49)*3,(I$4:I$49=AY30)*(N$4:N$49=BQ29)*(K$4:K$49<>"")*(L$4:L$49<>"")*(K$4:K$49=L$4:L$49)*1)} -> 3 | BR30: {=SUM((I$4:I$49=AY30)*(N$4:N$49=BR29)*(K$4:K$49<>"")*(L$4:L$49<>"")*(K$4:K$49>L$4:L$49)*3,(N$4:N$49=AY30)*(I$4:I$49=BR29)*(K$4:K$49<>"")*(L$4:L$49<>"")*(K$4:K$49=L$4:L$49)*1,(N$4:N$49=AY30)*(I$4:I$49=BR29)*(K$4:K$49<>"")*(L$4:L$49<>"")*(K$4:K$49<L$4:L$49)*3,(I$4:I$49=AY30)*(N$4:N$49=BR29)*(K$4:K$49<>"")*(L$4:L$49<>"")*(K$4:K$49=L$4:L$49)*1)} -> 1 | BS30: {=SUM((I$4:I$49=AY30)*(N$4:N$49=BS29)*(K$4:K$49<>"")*(L$4:L$49<>"")*(K$4:K$49>L$4:L$49)*3,(N$4:N$49=AY30)*(I$4:I$49=BS29)*(K$4:K$49<>"")*(L$4:L$49<>"")*(K$4:K$49=L$4:L$49)*1,(N$4:N$49=AY30)*(I$4:I$49=BS29)*(K$4:K$49<>"")*(L$4:L$49<>"")*(K$4:K$49<L$4:L$49)*3,(I$4:I$49=AY30)*(N$4:N$49=BS29)*(K$4:K$49<>"")*(L$4:L$49<>"")*(K$4:K$49=L$4:L$49)*1)} -> 3 | BT30: 1 | BU30: =RANK(BW30,$BW$30:$BW$33) -> 1 | BV30: =A29 -> Francia | BW30: =AR30 -> 7.8042105e+09 | BX30: =VLOOKUP(Q30,$AH$30:$AI$33,2,0) -> Francia | BY30: =VLOOKUP($BX30,$AI$30:$AR$33,10,FALSE) -> 7.8042105e+09 | CA30: 1 | CB30: =VLOOKUP(CA30,$AH$30:$AI$33,2,0) -> Francia | CC30: =VLOOKUP(CB30,$AI$30:$AR$33,2,FALSE) -> 7 | CD30: =IF(SUM($AK$30:$AK$33)=12,MIN(ABS(BY29-BY30),ABS(BY30-BY31)),100) -> 1.14e+09 | CE30: =VLOOKUP($CB30,$AI$30:$AR$33,9,FALSE) -> 4 | CF30: =VLOOKUP($CB30,$AI$30:$AR$33,7,FALSE) -> 7 | CH30: {=IF($CI$30=$CL$29,$EC$29:$EC$32,IF($CI$30=$CM$29,$ED$29:$ED$31,IF(OR($CI$30=$CN$29,$CI$30=$CO$29),$EE$29:$EE$30,$EI$29)))} -> 1 | CI30: =IFERROR(HLOOKUP(4,CL28:DI29,2,0),CS29) -> COM_8 | CK30: 1 | CL30: {=IF(AND($CC$30:$CC$33=$CC$30,$CD$30:$CD$33<90,$AQ$30:$AQ$33=$AQ$30,$CF$30:$CF$33=$CF$30),1,0)} -> 0 | CM30: {=IF(AND($CC$30:$CC$32=$CC$30,$CD$30:$CD$32<90,$CC$30<>$CC$33),1,0)} -> 0 | CN30: {=IF(AND($CC$30:$CC$31=$CC$30,$CD$30:$CD$31<90,$CC$30<>$CC$32),1,0)} -> 0 | CO30: {=IF(AND($CC$30:$CC$31=$CC$30,$CD$30:$CD$31<90,$CC$30<>$CC$32),1,0)} -> 0 | CP30: {=IF(AND($CC$31:$CC$33=$CC$31,$CD$31:$CD$33<90,$CC$30<>$CC$31),1,0)} -> 0 | CQ30: {=IF(AND($CC$30<>$CC$31,$CC$30<>$CC$33),1,0)} -> 1 | CR30: {=IF(AND($CC$30<>$CC$31,$CC$30<>$CC$33),1,0)} -> 1 | CS30: {=IF(AND($CC$30<>$CC$31,$CC$30<>$CC$33),1,0)} -> 1 | CT30: {=IF(AND($CC$30:$CC$33=$CC$30,$CD$30:$CD$33<90,$CE$30:$CE$31=$CE$30,$CE$30<>$CE$32),1,0)} -> 0 | CU30: {=IF(AND($CC$30:$CC$33=$CC$30,$CD$30:$CD$33<90,$CE$30:$CE$33=$CE$30,$CF$30=$CF$31,$CF$30<>$CF$32),1,0)} -> 0 | CV30: {=IF(AND($CC$30:$CC$32=$CC$30,$CD$30:$CD$31<90,$CD$32>90),1,0)} -> 0 | CW30: {=IF(AND($CC$30<>$CC$31,$CC$30<>$CC$32),1,0)} -> 1 | CX30: {=IF(AND($CC$30<>$CC$31,$CC$30<>$CC$32),1,0)} -> 1 | CY30: {=IF(AND($CC$30<>$CC$33,$CC$30:$CC$32=$CC$30,$CD$30>90,$CD$31:$CD$32<90),1,0)} -> 0 | CZ30: {=IF(AND($CC$30:$CC$33=$CC$30,$CD$31:$CD$33<90,$CD$30<>$CD$31),1,0)} -> 0 | DA30: {=IF(AND($CC$30:$CC$33=$CC$30,$CD$30:$CD$32<90,$CD$30<>$CD$33),1,0)} -> 0 | DB30: {=IF(AND($CC$30:$CC$33=$CC$30,$CD$30:$CD$31>90,$CD$32:$CD$33<90,$CE$30:$CE$33=$CE$30,$CF$30>$CF$31,$CF$30>$CF$32,$CF$30>$CF$33),1,0)} -> 0 | DC30: {=IF(AND($CC$30:$CC$33=$CC$30,$CD$30>90,$CD$31:$CD$32<90,$CD$33>90,$CE$30:$CE$33=$CE$30,$CF$30>$CF$31,$CF$30>$CF$32,$CF$30>$CF$33),1,0)} -> 0 | DD30: {=IF(AND($CC$30:$CC$33=$CC$30,$CD$30:$CD$31<90,$CD$32:$CD$33>90,$CE$30:$CE$33=$CE$30,$CF$30=$CF$31,$CF$30>$CF$32,$CF$30>$CF$33),1,0)} -> 0 | DE30: {=IF(AND($CC$30:$CC$33=$CC$30,$CD$30:$CD$31>90,$CD$32:$CD$33<90,$CE$30:$CE$33=$CE$30,$CF$30>$CF$31,$CF$31:$CF$33=$CF$31),1,0)} -> 0 | DF30: {=IF(AND($CC$30:$CC$33=$CC$30,$CD$30:$CD$31<90,$CD$32:$CD$33>90,$CE$30:$CE$33=$CE$30,$CF$30:$CF$32=$CF$30,$CF$30>$CF$33),1,0)} -> 0 | DG30: {=IF(AND($CC$30:$CC$33=$CC$30,$CD$30>90,$CD$33>90,$CD$31:$CD$32<90,$CE$30:$CE$33=$CE$30,$CF$30>$CF$31:$CF$33),1,0)} -> 0 | EC30: 2 | ED30: 2 | EE30: 2 | EF30: 3 | EG30: 4 | EH30: 3
A31: {=IF(ROWS(A$29:A31)<=$C$28,INDEX(INDIRECT(A$28),SMALL(IF(Nivell=$B$28,ROW(Nivell)-ROW(Equipos!$C$2)+1),ROWS(B$28:B30))),"")} -> Túnez | F31: =Horarios!C31 -> 44891.792 | G31: =Horarios!C31 -> 44891.792 | H31: J2 | I31: =A29 -> Francia | J31: =VLOOKUP(I31,Equipos!$H$2:$I$33,2,0) -> 🇫🇷 | K31: 2 | L31: 1 | M31: =VLOOKUP(N31,Equipos!$H$2:$I$33,2,0) -> 🇩🇰 | N31: =A30 -> Dinamarca | O31: =IF(NOT(OR(ISBLANK(K31),ISBLANK(L31))),1,0) -> 1 | Q31: 2 | R31: =VLOOKUP(Q31,$AG$30:$AI$33,3,0) -> Australia | S31: =VLOOKUP(R31,$AI$30:$AR$33,2,FALSE) -> 6 | T31: =VLOOKUP($R31,$AI$30:$AR$33,3,FALSE) -> 3 | U31: =VLOOKUP($R31,$AI$30:$AR$33,4,FALSE) -> 2 | V31: =VLOOKUP($R31,$AI$30:$AR$33,5,FALSE) -> 0 | W31: =VLOOKUP($R31,$AI$30:$AR$33,6,FALSE) -> 1 | X31: =VLOOKUP($R31,$AI$30:$AR$33,7,FALSE) -> 3 | Y31: =VLOOKUP($R31,$AI$30:$AR$33,8,FALSE) -> 4 | Z31: =VLOOKUP($R31,$AI$30:$AR$33,9,FALSE) -> -1 | AA31: =IF(SUM($AK$30:$AK$33)=12,MIN(ABS(BY30-BY31),ABS(BY31-BY32)),100) -> 1.14e+09 | AB31: =IF(AND(AA31>=0,AA31<90),VLOOKUP(Q31,$BU$30:$BV$33,2,0),"") | AF31: =VLOOKUP($R31,$AI$30:$AR$33,10,FALSE) -> 6.6642105e+09 | AG31: =RANK(AU31,$AU$30:$AU$33) -> 4 | AH31: =RANK(AR31,$AR$30:$AR$33) -> 4 | AI31: =A30 -> Dinamarca | AJ31: =AL31*3+AM31*1+AN31*0 -> 1 | AK31: =COUNTIFS($I$4:$I$65,AI31,$K$4:$K$65,"<>",$L$4:$L$65,"<>")+COUNTIFS($N$4:$N$65,AI31,$L$4:$L$65,"<>",$K$4:$K$65,"<>") -> 3 | AL31: {=SUM(($I$4:$I$65=AI31)*($K$4:$K$65<>"")*($L$4:$L$65<>"")*($K$4:$K$65>$L$4:$L$65),($N$4:$N$65=AI31)*($K$4:$K$65<>"")*($L$4:$L$65<>"")*($K$4:$K$65<$L$4:$L$65))} -> 0 | AM31: {=SUM(($I$4:$I$65=AI31)*($K$4:$K$65<>"")*($L$4:$L$65<>"")*($K$4:$K$65=$L$4:$L$65),($N$4:$N$65=AI31)*($K$4:$K$65<>"")*($L$4:$L$65<>"")*($K$4:$K$65=$L$4:$L$65))} -> 1 | AN31: {=SUM(($I$4:$I$65=AI31)*($L$4:$L$65<>"")*($K$4:$K$65<>"")*($K$4:$K$65<$L$4:$L$65),($K$4:$K$65<>"")*($N$4:$N$65=AI31)*($L$4:$L$65<>"")*($K$4:$K$65>$L$4:$L$65))} -> 2 | AO31: {=SUMIFS($K$4:$K$65,$I$4:$I$65,AI31,$K$4:$K$65,"<>",$L$4:$L$65,"<>")+SUMIFS($L$4:$L$65,$N$4:$N$65,AI31,$K$4:$K$65,"<>",$L$4:$L$65,"<>")} -> 1 | AP31: {=SUMIFS($K$4:$K$65,$N$4:$N$65,AI31,$K$4:$K$65,"<>",$L$4:$L$65,"<>")+SUMIFS($L$4:$L$65,$I$4:$I$65,AI31,$K$4:$K$65,"<>",$L$4:$L$65,"<>")} -> 3 | AQ31: =AO31-AP31 -> -2 | AR31: =IF(AK31=0,-($AW$11*VLOOKUP(AI31,Tabla3[[NombreEquipo]:[Rank]],3,FALSE)),AJ31*$AW$4+AQ31*$AW$5+AO31*$AW$6+BA31-($AW$11*VLOOKUP(AI31,Tabla3[[NombreEquipo]:[Rank]],3,FALSE)/100)) -> 1.1022105e+09 | AS31: =AH31 -> 4 | AU31: =IFERROR(AR31-VLOOKUP(AI31,$AB$30:$AC$33,2,0),AR31) -> 1.1022105e+09 | AY31: =AI31 -> Dinamarca | AZ31: =COUNTIF(AJ30:AJ33,AJ31) -> 1 | BA31: =(BB31*$AW$9)+(BH31*$AW$8)+(BN31*$AW$7) -> 210500 | BB31: =RANK(BC31,BC30:BC33,1) -> 1 | BC31: =SUM(IF(AND(AJ31=AJ32,AQ31=AQ32,AO31=AO32),BF31,0),IF(AND(AJ31=AJ33,AQ31=AQ33,AO31=AO33),BG31,0),IF(AND(AJ31=AJ30,AQ31=AQ30,AO31=AO30),BD31,0)) -> 0 | BD31: {=SUMIFS($K$28:$K$33,$I$28:$I$33,$AY31,$K$28:$K$33,"<>",$L$28:$L$33,"<>",$N$28:$N$33,BD29)+SUMIFS($L$28:$L$33,$I$28:$I$33,BD29,$K$28:$K$33,"<>",$L$28:$L$33,"<>",$N$28:$N$33,$AY31)} -> 1 | BE31: 0 | BF31: {=SUMIFS($K$28:$K$33,$I$28:$I$33,$AY31,$K$28:$K$33,"<>",$L$28:$L$33,"<>",$N$28:$N$33,BF29)+SUMIFS($L$28:$L$33,$I$28:$I$33,BF29,$K$28:$K$33,"<>",$L$28:$L$33,"<>",$N$28:$N$33,$AY31)} -> 0 | BG31: {=SUMIFS($K$28:$K$33,$I$28:$I$33,$AY31,$K$28:$K$33,"<>",$L$28:$L$33,"<>",$N$28:$N$33,BG29)+SUMIFS($L$28:$L$33,$I$28:$I$33,BG29,$K$28:$K$33,"<>",$L$28:$L$33,"<>",$N$28:$N$33,$AY31)} -> 0 | BH31: =RANK(BI31,BI30:BI33,1) -> 1 | BI31: =SUM(IF(AND(AJ31=AJ32,AQ31=AQ32,AO31=AO32),BL31,0),IF(AND(AJ31=AJ33,AQ31=AQ33,AO31=AO33),BM31,0),IF(AND(AJ31=AJ30,AQ31=AQ30,AO31=AO30),BJ31,0)) -> 0 | BJ31: =BD31-BE30 -> -1 | BK31: 0 | BL31: =BF31-BE32 -> 0 | BM31: =BG31-BE33 -> -1 | BN31: =RANK(BO31,BO30:BO33,1) -> 1 | BO31: =SUM(IF(AND(AJ31=AJ32,AQ31=AQ32,AO31=AO32),BR31,0),IF(AND(AJ31=AJ33,AQ31=AQ33,AO31=AO33),BS31,0),IF(AND(AJ31=AJ30,AQ31=AQ30,AO31=AO30),BP31,0)) -> 0 | BP31: {=SUM((I$4:I$49=AY31)*(N$4:N$49=BP29)*(K$4:K$49<>"")*(L$4:L$49<>"")*(K$4:K$49>L$4:L$49)*3,(N$4:N$49=AY31)*(I$4:I$49=BP29)*(K$4:K$49<>"")*(L$4:L$49<>"")*(K$4:K$49=L$4:L$49)*1,(N$4:N$49=AY31)*(I$4:I$49=BP29)*(K$4:K$49<>"")*(L$4:L$49<>"")*(K$4:K$49<L$4:L$49)*3,(I$4:I$49=AY31)*(N$4:N$49=BP29)*(K$4:K$49<>"")*(L$4:L$49<>"")*(K$4:K$49=L$4:L$49)*1)} -> 0 | BQ31: 0 | BR31: {=SUM((I$4:I$49=AY31)*(N$4:N$49=BR29)*(K$4:K$49<>"")*(L$4:L$49<>"")*(K$4:K$49>L$4:L$49)*3,(N$4:N$49=AY31)*(I$4:I$49=BR29)*(K$4:K$49<>"")*(L$4:L$49<>"")*(K$4:K$49=L$4:L$49)*1,(N$4:N$49=AY31)*(I$4:I$49=BR29)*(K$4:K$49<>"")*(L$4:L$49<>"")*(K$4:K$49<L$4:L$49)*3,(I$4:I$49=AY31)*(N$4:N$49=BR29)*(K$4:K$49<>"")*(L$4:L$49<>"")*(K$4:K$49=L$4:L$49)*1)} -> 1 | BS31: {=SUM((I$4:I$49=AY31)*(N$4:N$49=BS29)*(K$4:K$49<>"")*(L$4:L$49<>"")*(K$4:K$49>L$4:L$49)*3,(N$4:N$49=AY31)*(I$4:I$49=BS29)*(K$4:K$49<>"")*(L$4:L$49<>"")*(K$4:K$49=L$4:L$49)*1,(N$4:N$49=AY31)*(I$4:I$49=BS29)*(K$4:K$49<>"")*(L$4:L$49<>"")*(K$4:K$49<L$4:L$49)*3,(I$4:I$49=AY31)*(N$4:N$49=BS29)*(K$4:K$49<>"")*(L$4:L$49<>"")*(K$4:K$49=L$4:L$49)*1)} -> 0 | BT31: 2 | BU31: =RANK(BW31,$BW$30:$BW$33) -> 4 | BV31: =A30 -> Dinamarca | BW31: =AR31 -> 1.1022105e+09 | BX31: =VLOOKUP(Q31,$AH$30:$AI$33,2,0) -> Australia | BY31: =VLOOKUP($BX31,$AI$30:$AR$33,10,FALSE) -> 6.6642105e+09 | CA31: 2 | CB31: =VLOOKUP(CA31,$AH$30:$AI$33,2,0) -> Australia | CC31: =VLOOKUP(CB31,$AI$30:$AR$33,2,FALSE) -> 6 | CD31: =IF(SUM($AK$30:$AK$33)=12,MIN(ABS(BY30-BY31),ABS(BY31-BY32)),100) -> 1.14e+09 | CE31: =VLOOKUP($CB31,$AI$30:$AR$33,9,FALSE) -> -1 | CF31: =VLOOKUP($CB31,$AI$30:$AR$33,7,FALSE) -> 3 | CH31: {=IF($CI$30=$CL$29,$EC$29:$EC$32,IF($CI$30=$CM$29,$ED$29:$ED$31,IF(OR($CI$30=$CN$29,$CI$30=$CO$29),$EE$29:$EE$30,IF($CI$30=$CP$29,$EF$29:$EF$31,(IF($CI$30=$CQ$29,$EH$29:$EH$30,$EJ$29))))))} -> 2 | CK31: 2 | CL31: {=IF(AND($CC$30:$CC$33=$CC$31,$CD$30:$CD$33<90,$AQ$30:$AQ$33=$AQ$31,$CF$30:$CF$33=$CF$31),1,0)} -> 0 | CM31: {=IF(AND($CC$30:$CC$32=$CC$31,$CD$30:$CD$32<90,$CC$31<>$CC$33),1,0)} -> 0 | CN31: {=IF(AND($CC$30:$CC$31=$CC$30,$CD$30:$CD$31<90,$CC$30<>$CC$32),1,0)} -> 0 | CO31: {=IF(AND($CC$30:$CC$31=$CC$30,$CD$30:$CD$31<90,$CC$30<>$CC$32),1,0)} -> 0 | CP31: {=IF(AND($CC$31:$CC$33=$CC$31,$CD$31:$CD$33<90,$CC$30<>$CC$31),1,0)} -> 0 | CQ31: {=IF(AND($CC$31:$CC$32=$CC$31,$CD$31:$CD$32<90,$CC$31<>$CC$30,$CC$31<>$CC$33),1,0)} -> 0 | CR31: {=IF(AND($CC$31<>$CC$30,$CC$31<>$CC$32),1,0)} -> 1 | CS31: {=IF(AND($CC$31<>$CC$30,$CC$31<>$CC$32),1,0)} -> 1 | CT31: {=IF(AND($CC$30:$CC$33=$CC$30,$CD$30:$CD$33<90,$CE$30:$CE$31=$CE$30,$CE$31<>$CE$32),1,0)} -> 0 | CU31: {=IF(AND($CC$30:$CC$33=$CC$30,$CD$30:$CD$33<90,$CE$30:$CE$33=$CE$30,$CF$30=$CF$31,$CF$31<>$CF$32),1,0)} -> 0 | CV31: {=IF(AND($CC$30:$CC$32=$CC$31,$CD$30:$CD$31<90,$CD$32>90),1,0)} -> 0 | CW31: {=IF(AND($CC$31<>$CC$30,$CC$31:$CC$33=$CC$31,$CD$31>90,$CD$32:$CD$33<90),1,0)} -> 0 | CX31: {=IF(AND($CC$31<>$CC$30,$CC$31:$CC$33=$CC$31,$CD$33>90,$CD$31:$CD$32<90),1,0)} -> 0 | CY31: {=IF(AND($CC$31<>$CC$33,$CC$30:$CC$32=$CC$31,$CD$30>90,$CD$31:$CD$32<90),1,0)} -> 0 | CZ31: {=IF(AND($CC$30:$CC$33=$CC$31,$CD$31:$CD$33<90,$CD$30<>$CD$31),1,0)} -> 0 | DA31: {=IF(AND($CC$30:$CC$33=$CC$31,$CD$30:$CD$32<90,$CD$31<>$CD$33),1,0)} -> 0 | DB31: {=IF(AND($CC$30:$CC$33=$CC$31,$CD$30:$CD$31>90,$CD$32:$CD$33<90,$CE$30:$CE$33=$CE$31,$CF$30>$CF$31,$CF$31>$CF$32,$CF$31>$CF$33),1,0)} -> 0 | DC31: {=IF(AND($CC$30:$CC$33=$CC$31,$CD$30>90,$CD$31:$CD$32<90,$CD$33>90,$CE$30:$CE$33=$CE$31,$CF$30>$CF$31,$CF$31=$CF$32,$CF$31>$CF$33),1,0)} -> 0 | DD31: {=IF(AND($CC$30:$CC$33=$CC$31,$CD$30:$CD$31<90,$CD$32:$CD$33>90,$CE$30:$CE$33=$CE$31,$CF$30=$CF$31,$CF$31>$CF$32,$CF$31>$CF$33),1,0)} -> 0 | DE31: {=IF(AND($CC$30:$CC$33=$CC$31,$CD$30:$CD$31>90,$CD$32:$CD$33<90,$CE$30:$CE$33=$CE$31,$CF$30>$CF$31,$CF$31:$CF$33=$CF$31),1,0)} -> 0 | DF31: {=IF(AND($CC$30:$CC$33=$CC$31,$CD$30:$CD$31<90,$CD$32:$CD$33>90,$CE$30:$CE$33=$CE$31,$CF$30:$CF$32=$CF$31,$CF$31>$CF$33),1,0)} -> 0 | DG31: {=IF(AND($CC$30:$CC$33=$CC$31,$CD$30>90,$CD$33>90,$CD$31:$CD$32<90,$CE$30:$CE$33=$CE$31,$CF$30>$CF$31:$CF$33,$CF$31:$CF$33=$CF$31),1,0)} -> 0 | EC31: 3 | ED31: 3 | EF31: 4
A32: {=IF(ROWS(A$29:A32)<=$C$28,INDEX(INDIRECT(A$28),SMALL(IF(Nivell=$B$28,ROW(Nivell)-ROW(Equipos!$C$2)+1),ROWS(B$28:B31))),"")} -> Australia | F32: =Horarios!C32 -> 44895.75 | G32: =Horarios!C32 -> 44895.75 | H32: J3 | I32: =A32 -> Australia | J32: =VLOOKUP(I32,Equipos!$H$2:$I$33,2,0) -> 🇦🇺 | K32: 1 | L32: 0 | M32: =VLOOKUP(N32,Equipos!$H$2:$I$33,2,0) -> 🇩🇰 | N32: =A30 -> Dinamarca | O32: =IF(NOT(OR(ISBLANK(K32),ISBLANK(L32))),1,0) -> 1 | Q32: 3 | R32: =VLOOKUP(Q32,$AG$30:$AI$33,3,0) -> Túnez | S32: =VLOOKUP(R32,$AI$30:$AR$33,2,FALSE) -> 2 | T32: =VLOOKUP($R32,$AI$30:$AR$33,3,FALSE) -> 3 | U32: =VLOOKUP($R32,$AI$30:$AR$33,4,FALSE) -> 0 | V32: =VLOOKUP($R32,$AI$30:$AR$33,5,FALSE) -> 2 | W32: =VLOOKUP($R32,$AI$30:$AR$33,6,FALSE) -> 1 | X32: =VLOOKUP($R32,$AI$30:$AR$33,7,FALSE) -> 1 | Y32: =VLOOKUP($R32,$AI$30:$AR$33,8,FALSE) -> 2 | Z32: =VLOOKUP($R32,$AI$30:$AR$33,9,FALSE) -> -1 | AA32: =IF(SUM($AK$30:$AK$33)=12,MIN(ABS(BY31-BY32),ABS(BY32-BY33)),100) -> 1.116e+09 | AB32: =IF(AND(AA32>=0,AA32<90),VLOOKUP(Q32,$BU$30:$BV$33,2,0),"") | AF32: =VLOOKUP($R32,$AI$30:$AR$33,10,FALSE) -> 2.2182105e+09 | AG32: =RANK(AU32,$AU$30:$AU$33) -> 3 | AH32: =RANK(AR32,$AR$30:$AR$33) -> 3 | AI32: =A31 -> Túnez | AJ32: =AL32*3+AM32*1+AN32*0 -> 2 | AK32: =COUNTIFS($I$4:$I$65,AI32,$K$4:$K$65,"<>",$L$4:$L$65,"<>")+COUNTIFS($N$4:$N$65,AI32,$L$4:$L$65,"<>",$K$4:$K$65,"<>") -> 3 | AL32: {=SUM(($I$4:$I$65=AI32)*($K$4:$K$65<>"")*($L$4:$L$65<>"")*($K$4:$K$65>$L$4:$L$65),($N$4:$N$65=AI32)*($K$4:$K$65<>"")*($L$4:$L$65<>"")*($K$4:$K$65<$L$4:$L$65))} -> 0 | AM32: {=SUM(($I$4:$I$65=AI32)*($K$4:$K$65<>"")*($L$4:$L$65<>"")*($K$4:$K$65=$L$4:$L$65),($N$4:$N$65=AI32)*($K$4:$K$65<>"")*($L$4:$L$65<>"")*($K$4:$K$65=$L$4:$L$65))} -> 2 | AN32: {=SUM(($I$4:$I$65=AI32)*($L$4:$L$65<>"")*($K$4:$K$65<>"")*($K$4:$K$65<$L$4:$L$65),($K$4:$K$65<>"")*($N$4:$N$65=AI32)*($L$4:$L$65<>"")*($K$4:$K$65>$L$4:$L$65))} -> 1 | AO32: {=SUMIFS($K$4:$K$65,$I$4:$I$65,AI32,$K$4:$K$65,"<>",$L$4:$L$65,"<>")+SUMIFS($L$4:$L$65,$N$4:$N$65,AI32,$K$4:$K$65,"<>",$L$4:$L$65,"<>")} -> 1 | AP32: {=SUMIFS($K$4:$K$65,$N$4:$N$65,AI32,$K$4:$K$65,"<>",$L$4:$L$65,"<>")+SUMIFS($L$4:$L$65,$I$4:$I$65,AI32,$K$4:$K$65,"<>",$L$4:$L$65,"<>")} -> 2 | AQ32: =AO32-AP32 -> -1 | AR32: =IF(AK32=0,-($AW$11*VLOOKUP(AI32,Tabla3[[NombreEquipo]:[Rank]],3,FALSE)),AJ32*$AW$4+AQ32*$AW$5+AO32*$AW$6+BA32-($AW$11*VLOOKUP(AI32,Tabla3[[NombreEquipo]:[Rank]],3,FALSE)/100)) -> 2.2182105e+09 | AS32: =AH32 -> 3 | AU32: =IFERROR(AR32-VLOOKUP(AI32,$AB$30:$AC$33,2,0),AR32) -> 2.2182105e+09 | AY32: =AI32 -> Túnez | AZ32: =COUNTIF(AJ30:AJ33,AJ32) -> 1 | BA32: =(BB32*$AW$9)+(BH32*$AW$8)+(BN32*$AW$7) -> 210500 | BB32: =RANK(BC32,BC30:BC33,1) -> 1 | BC32: =SUM(IF(AND(AJ32=AJ33,AQ32=AQ33,AO32=AO33),BG32,0),IF(AND(AJ32=AJ30,AQ32=AQ30,AO32=AO30),BD32,0),IF(AND(AJ32=AJ31,AQ32=AQ31,AO32=AO31),BE32,0)) -> 0 | BD32: {=SUMIFS($K$28:$K$33,$I$28:$I$33,$AY32,$K$28:$K$33,"<>",$L$28:$L$33,"<>",$N$28:$N$33,BD29)+SUMIFS($L$28:$L$33,$I$28:$I$33,BD29,$K$28:$K$33,"<>",$L$28:$L$33,"<>",$N$28:$N$33,$AY32)} -> 1 | BE32: {=SUMIFS($K$28:$K$33,$I$28:$I$33,$AY32,$K$28:$K$33,"<>",$L$28:$L$33,"<>",$N$28:$N$33,BE29)+SUMIFS($L$28:$L$33,$I$28:$I$33,BE29,$K$28:$K$33,"<>",$L$28:$L$33,"<>",$N$28:$N$33,$AY32)} -> 0 | BF32: 0 | BG32: {=SUMIFS($K$28:$K$33,$I$28:$I$33,$AY32,$K$28:$K$33,"<>",$L$28:$L$33,"<>",$N$28:$N$33,BG29)+SUMIFS($L$28:$L$33,$I$28:$I$33,BG29,$K$28:$K$33,"<>",$L$28:$L$33,"<>",$N$28:$N$33,$AY32)} -> 0 | BH32: =RANK(BI32,BI30:BI33,1) -> 1 | BI32: =SUM(IF(AND(AJ32=AJ33,AQ32=AQ33,AO32=AO33),BM32,0),IF(AND(AJ32=AJ30,AQ32=AQ30,AO32=AO30),BJ32,0),IF(AND(AJ32=AJ31,AQ32=AQ31,AO32=AO31),BK32,0)) -> 0 | BJ32: =BD32-BF30 -> 0 | BK32: =BE32-BF31 -> 0 | BL32: 0 | BM32: =BG32-BF33 -> -1 | BN32: =RANK(BO32,BO30:BO33,1) -> 1 | BO32: =SUM(IF(AND(AJ32=AJ33,AQ32=AQ33,AO32=AO33),BS32,0),IF(AND(AJ32=AJ30,AQ32=AQ30,AO32=AO30),BP32,0),IF(AND(AJ32=AJ31,AQ32=AQ31,AO32=AO31),BQ32,0)) -> 0 | BP32: {=SUM((I$4:I$49=AY32)*(N$4:N$49=BP29)*(K$4:K$49<>"")*(L$4:L$49<>"")*(K$4:K$49>L$4:L$49)*3,(N$4:N$49=AY32)*(I$4:I$49=BP29)*(K$4:K$49<>"")*(L$4:L$49<>"")*(K$4:K$49=L$4:L$49)*1,(N$4:N$49=AY32)*(I$4:I$49=BP29)*(K$4:K$49<>"")*(L$4:L$49<>"")*(K$4:K$49<L$4:L$49)*3,(I$4:I$49=AY32)*(N$4:N$49=BP29)*(K$4:K$49<>"")*(L$4:L$49<>"")*(K$4:K$49=L$4:L$49)*1)} -> 1 | BQ32: {=SUM((I$4:I$49=AY32)*(N$4:N$49=BQ29)*(K$4:K$49<>"")*(L$4:L$49<>"")*(K$4:K$49>L$4:L$49)*3,(N$4:N$49=AY32)*(I$4:I$49=BQ29)*(K$4:K$49<>"")*(L$4:L$49<>"")*(K$4:K$49=L$4:L$49)*1,(N$4:N$49=AY32)*(I$4:I$49=BQ29)*(K$4:K$49<>"")*(L$4:L$49<>"")*(K$4:K$49<L$4:L$49)*3,(I$4:I$49=AY32)*(N$4:N$49=BQ29)*(K$4:K$49<>"")*(L$4:L$49<>"")*(K$4:K$49=L$4:L$49)*1)} -> 1 | BR32: 0 | BS32: {=SUM((I$4:I$49=AY32)*(N$4:N$49=BS29)*(K$4:K$49<>"")*(L$4:L$49<>"")*(K$4:K$49>L$4:L$49)*3,(N$4:N$49=AY32)*(I$4:I$49=BS29)*(K$4:K$49<>"")*(L$4:L$49<>"")*(K$4:K$49=L$4:L$49)*1,(N$4:N$49=AY32)*(I$4:I$49=BS29)*(K$4:K$49<>"")*(L$4:L$49<>"")*(K$4:K$49<L$4:L$49)*3,(I$4:I$49=AY32)*(N$4:N$49=BS29)*(K$4:K$49<>"")*(L$4:L$49<>"")*(K$4:K$49=L$4:L$49)*1)} -> 0 | BT32: 3 | BU32: =RANK(BW32,$BW$30:$BW$33) -> 3 | BV32: =A31 -> Túnez | BW32: =AR32 -> 2.2182105e+09 | BX32: =VLOOKUP(Q32,$AH$30:$AI$33,2,0) -> Túnez | BY32: =VLOOKUP($BX32,$AI$30:$AR$33,10,FALSE) -> 2.2182105e+09 | CA32: 3 | CB32: =VLOOKUP(CA32,$AH$30:$AI$33,2,0) -> Túnez | CC32: =VLOOKUP(CB32,$AI$30:$AR$33,2,FALSE) -> 2 | CD32: =IF(SUM($AK$30:$AK$33)=12,MIN(ABS(BY31-BY32),ABS(BY32-BY33)),100) -> 1.116e+09 | CE32: =VLOOKUP($CB32,$AI$30:$AR$33,9,FALSE) -> -1 | CF32: =VLOOKUP($CB32,$AI$30:$AR$33,7,FALSE) -> 1 | CH32: {=IF($CI$30=$CL$29,$EC$29:$EC$32,IF($CI$30=$CM$29,$ED$29:$ED$31,IF(OR($CI$30=$CN$29,$CI$30=$CR$29),$EG$29:$EG$30,IF($CI$30=$CP$29,$EF$29:$EF$31,(IF($CI$30=$CQ$29,$EH$29:$EH$30,$EK$29))))))} -> 3 | CK32: 3 | CL32: {=IF(AND($CC$30:$CC$33=$CC$32,$CD$30:$CD$33<90,$AQ$30:$AQ$33=$AQ$32,$CF$30:$CF$33=$CF$32),1,0)} -> 0 | CM32: {=IF(AND($CC$30:$CC$32=$CC$32,$CD$30:$CD$32<90,$CC$32<>$CC$33),1,0)} -> 0 | CN32: {=IF(AND($CC$32:$CC$33=$CC$32,$CD$32:$CD$33<90,$CC$32<>$CC$31),1,0)} -> 0 | CO32: {=IF(OR(AND($CC$32<>$CC$31,$CC$32<>$CC$33),AND($CC$32<>$CC$31,$CC$32=$CC$33,$CD$32>90,$CD$33>90)),1,0)} -> 1 | CP32: {=IF(AND($CC$31:$CC$33=$CC$31,$CD$31:$CD$33<90,$CC$30<>$CC$32),1,0)} -> 0 | CQ32: {=IF(AND($CC$31:$CC$32=$CC$32,$CD$31:$CD$32<90,$CC$32<>$CC$30,$CC$32<>$CC$33),1,0)} -> 0 | CR32: {=IF(AND($CC$32:$CC$33=$CC$32,$CD$32:$CD$33<90,$CC$32<>$CC$31),1,0)} -> 0 | CS32: {=IF(AND($CC$32<>$CC$31,$CC$32<>$CC$33),1,0)} -> 1 | CT32: {=IF(AND($CC$30:$CC$33=$CC$30,$CD$30:$CD$33<90,$CE$32:$CE$33=$CE$32,$CE$31<>$CE$32),1,0)} -> 0 | CU32: {=IF(AND($CC$30:$CC$33=$CC$30,$CD$30:$CD$33<90,$CE$30:$CE$33=$CE$30,$CF$32=$CF$33,$CF$31<>$CF$32),1,0)} -> 0 | CV32: {=IF(AND($CC$30:$CC$32=$CC$32,$CD$30:$CD$31<90,$CD$32>90),1,0)} -> 0 | CW32: {=IF(AND($CC$31<>$CC$30,$CC$31:$CC$33=$CC$32,$CD$31>90,$CD$32:$CD$33<90),1,0)} -> 0 | CX32: {=IF(AND($CC$31<>$CC$30,$CC$31:$CC$33=$CC$31,$CD$33>90,$CD$31:$CD$32<90),1,0)} -> 0 | CY32: {=IF(AND($CC$32<>$CC$33,$CC$30:$CC$32=$CC$32,$CD$30>90,$CD$31:$CD$32<90),1,0)} -> 0 | CZ32: {=IF(AND($CC$30:$CC$33=$CC$31,$CD$31:$CD$33<90,$CD$30<>$CD$32),1,0)} -> 0 | DA32: {=IF(AND($CC$30:$CC$33=$CC$32,$CD$30:$CD$32<90,$CD$32<>$CD$33),1,0)} -> 0 | DB32: {=IF(AND($CC$30:$CC$33=$CC$32,$CD$30:$CD$31>90,$CD$32:$CD$33<90,$CE$30:$CE$33=$CE$32,$CF$30>$CF$31,$CF$31>$CF$32,$CF$32=$CF$33),1,0)} -> 0 | DC32: {=IF(AND($CC$30:$CC$33=$CC$32,$CD$30>90,$CD$31:$CD$32<90,$CD$33>90,$CE$30:$CE$33=$CE$32,$CF$30>$CF$31,$CF$31=$CF$32,$CF$32>$CF$33),1,0)} -> 0 | DD32: {=IF(AND($CC$30:$CC$33=$CC$32,$CD$30:$CD$31<90,$CD$32:$CD$33>90,$CE$30:$CE$33=$CE$32,$CF$30=$CF$31,$CF$31>$CF$32,$CF$32>$CF$33),1,0)} -> 0 | DE32: {=IF(AND($CC$30:$CC$33=$CC$32,$CD$30:$CD$31>90,$CD$32:$CD$33<90,$CE$30:$CE$33=$CE$31,$CF$30>$CF$32,$CF$31:$CF$33=$CF$32),1,0)} -> 0 | DF32: {=IF(AND($CC$30:$CC$33=$CC$32,$CD$30:$CD$31<90,$CD$32:$CD$33>90,$CE$30:$CE$33=$CE$32,$CF$30:$CF$32=$CF$32,$CF$32>$CF$33),1,0)} -> 0 | DG32: {=IF(AND($CC$30:$CC$33=$CC$32,$CD$30>90,$CD$33>90,$CD$31:$CD$32<90,$CE$30:$CE$33=$CE$32,$CF$30>$CF$31:$CF$33,$CF$31:$CF$33=$CF$32),1,0)} -> 0 | EC32: 4
F33: =Horarios!C33 -> 44895.75 | G33: =Horarios!C33 -> 44895.75 | H33: J3 | I33: =A31 -> Túnez | J33: =VLOOKUP(I33,Equipos!$H$2:$I$33,2,0) -> 🇹🇳 | K33: 1 | L33: 1 | M33: =VLOOKUP(N33,Equipos!$H$2:$I$33,2,0) -> 🇫🇷 | N33: =A29 -> Francia | O33: =IF(NOT(OR(ISBLANK(K33),ISBLANK(L33))),1,0) -> 1 | Q33: 4 | R33: =VLOOKUP(Q33,$AG$30:$AI$33,3,0) -> Dinamarca | S33: =VLOOKUP(R33,$AI$30:$AR$33,2,FALSE) -> 1 | T33: =VLOOKUP($R33,$AI$30:$AR$33,3,FALSE) -> 3 | U33: =VLOOKUP($R33,$AI$30:$AR$33,4,FALSE) -> 0 | V33: =VLOOKUP($R33,$AI$30:$AR$33,5,FALSE) -> 1 | W33: =VLOOKUP($R33,$AI$30:$AR$33,6,FALSE) -> 2 | X33: =VLOOKUP($R33,$AI$30:$AR$33,7,FALSE) -> 1 | Y33: =VLOOKUP($R33,$AI$30:$AR$33,8,FALSE) -> 3 | Z33: =VLOOKUP($R33,$AI$30:$AR$33,9,FALSE) -> -2 | AA33: =IF(SUM($AK$30:$AK$33)=12,MIN(ABS(BY32-BY33),ABS(BY33-BY34)),100) -> 1.1022105e+09 | AB33: =IF(AND(AA33>=0,AA33<90),VLOOKUP(Q33,$BU$30:$BV$33,2,0),"") | AF33: =VLOOKUP($R33,$AI$30:$AR$33,10,FALSE) -> 1.1022105e+09 | AG33: =RANK(AU33,$AU$30:$AU$33) -> 2 | AH33: =RANK(AR33,$AR$30:$AR$33) -> 2 | AI33: =A32 -> Australia | AJ33: =AL33*3+AM33*1+AN33*0 -> 6 | AK33: =COUNTIFS($I$4:$I$65,AI33,$K$4:$K$65,"<>",$L$4:$L$65,"<>")+COUNTIFS($N$4:$N$65,AI33,$L$4:$L$65,"<>",$K$4:$K$65,"<>") -> 3 | AL33: {=SUM(($I$4:$I$65=AI33)*($K$4:$K$65<>"")*($L$4:$L$65<>"")*($K$4:$K$65>$L$4:$L$65),($N$4:$N$65=AI33)*($K$4:$K$65<>"")*($L$4:$L$65<>"")*($K$4:$K$65<$L$4:$L$65))} -> 2 | AM33: {=SUM(($I$4:$I$65=AI33)*($K$4:$K$65<>"")*($L$4:$L$65<>"")*($K$4:$K$65=$L$4:$L$65),($N$4:$N$65=AI33)*($K$4:$K$65<>"")*($L$4:$L$65<>"")*($K$4:$K$65=$L$4:$L$65))} -> 0 | AN33: {=SUM(($I$4:$I$65=AI33)*($L$4:$L$65<>"")*($K$4:$K$65<>"")*($K$4:$K$65<$L$4:$L$65),($K$4:$K$65<>"")*($N$4:$N$65=AI33)*($L$4:$L$65<>"")*($K$4:$K$65>$L$4:$L$65))} -> 1 | AO33: {=SUMIFS($K$4:$K$65,$I$4:$I$65,AI33,$K$4:$K$65,"<>",$L$4:$L$65,"<>")+SUMIFS($L$4:$L$65,$N$4:$N$65,AI33,$K$4:$K$65,"<>",$L$4:$L$65,"<>")} -> 3 | AP33: {=SUMIFS($K$4:$K$65,$N$4:$N$65,AI33,$K$4:$K$65,"<>",$L$4:$L$65,"<>")+SUMIFS($L$4:$L$65,$I$4:$I$65,AI33,$K$4:$K$65,"<>",$L$4:$L$65,"<>")} -> 4 | AQ33: =AO33-AP33 -> -1 | AR33: =IF(AK33=0,-($AW$11*VLOOKUP(AI33,Tabla3[[NombreEquipo]:[Rank]],3,FALSE)),AJ33*$AW$4+AQ33*$AW$5+AO33*$AW$6+BA33-($AW$11*VLOOKUP(AI33,Tabla3[[NombreEquipo]:[Rank]],3,FALSE)/100)) -> 6.6642105e+09 | AS33: =AH33 -> 2 | AU33: =IFERROR(AR33-VLOOKUP(AI33,$AB$30:$AC$33,2,0),AR33) -> 6.6642105e+09 | AY33: =AI33 -> Australia | AZ33: =COUNTIF(AJ30:AJ33,AJ33) -> 1 | BA33: =(BB33*$AW$9)+(BH33*$AW$8)+(BN33*$AW$7) -> 210500 | BB33: =RANK(BC33,BC30:BC33,1) -> 1 | BC33: =SUM(IF(AND(AJ33=AJ30,AQ33=AQ30,AO33=AO30),BD33,0),IF(AND(AJ33=AJ31,AQ33=AQ31,AO33=AO31),BE33,0),IF(AND(AJ33=AJ32,AQ33=AQ32,AO33=AO32),BF33,0)) -> 0 | BD33: {=SUMIFS($K$28:$K$33,$I$28:$I$33,$AY33,$K$28:$K$33,"<>",$L$28:$L$33,"<>",$N$28:$N$33,BD29)+SUMIFS($L$28:$L$33,$I$28:$I$33,BD29,$K$28:$K$33,"<>",$L$28:$L$33,"<>",$N$28:$N$33,$AY33)} -> 1 | BE33: {=SUMIFS($K$28:$K$33,$I$28:$I$33,$AY33,$K$28:$K$33,"<>",$L$28:$L$33,"<>",$N$28:$N$33,BE29)+SUMIFS($L$28:$L$33,$I$28:$I$33,BE29,$K$28:$K$33,"<>",$L$28:$L$33,"<>",$N$28:$N$33,$AY33)} -> 1 | BF33: {=SUMIFS($K$28:$K$33,$I$28:$I$33,$AY33,$K$28:$K$33,"<>",$L$28:$L$33,"<>",$N$28:$N$33,BF29)+SUMIFS($L$28:$L$33,$I$28:$I$33,BF29,$K$28:$K$33,"<>",$L$28:$L$33,"<>",$N$28:$N$33,$AY33)} -> 1 | BG33: 0 | BH33: =RANK(BI33,BI30:BI33,1) -> 1 | BI33: =SUM(IF(AND(AJ33=AJ30,AQ33=AQ30,AO33=AO30),BJ33,0),IF(AND(AJ33=AJ31,AQ33=AQ31,AO33=AO31),BK33,0),IF(AND(AJ33=AJ32,AQ33=AQ32,AO33=AO32),BL33,0)) -> 0 | BJ33: =BD33-BG30 -> -3 | BK33: =BE33-BG31 -> 1 | BL33: =BF33-BG32 -> 1 | BM33: 0 | BN33: =RANK(BO33,BO30:BO33,1) -> 1 | BO33: =SUM(IF(AND(AJ33=AJ30,AQ33=AQ30,AO33=AO30),BP33,0),IF(AND(AJ33=AJ31,AQ33=AQ31,AO33=AO31),BQ33,0),IF(AND(AJ33=AJ32,AQ33=AQ32,AO33=AO32),BR33,0)) -> 0 | BP33: {=SUM((I$4:I$49=AY33)*(N$4:N$49=BP29)*(K$4:K$49<>"")*(L$4:L$49<>"")*(K$4:K$49>L$4:L$49)*3,(N$4:N$49=AY33)*(I$4:I$49=BP29)*(K$4:K$49<>"")*(L$4:L$49<>"")*(K$4:K$49=L$4:L$49)*1,(N$4:N$49=AY33)*(I$4:I$49=BP29)*(K$4:K$49<>"")*(L$4:L$49<>"")*(K$4:K$49<L$4:L$49)*3,(I$4:I$49=AY33)*(N$4:N$49=BP29)*(K$4:K$49<>"")*(L$4:L$49<>"")*(K$4:K$49=L$4:L$49)*1)} -> 0 | BQ33: {=SUM((I$4:I$49=AY33)*(N$4:N$49=BQ29)*(K$4:K$49<>"")*(L$4:L$49<>"")*(K$4:K$49>L$4:L$49)*3,(N$4:N$49=AY33)*(I$4:I$49=BQ29)*(K$4:K$49<>"")*(L$4:L$49<>"")*(K$4:K$49=L$4:L$49)*1,(N$4:N$49=AY33)*(I$4:I$49=BQ29)*(K$4:K$49<>"")*(L$4:L$49<>"")*(K$4:K$49<L$4:L$49)*3,(I$4:I$49=AY33)*(N$4:N$49=BQ29)*(K$4:K$49<>"")*(L$4:L$49<>"")*(K$4:K$49=L$4:L$49)*1)} -> 3 | BR33: {=SUM((I$4:I$49=AY33)*(N$4:N$49=BR29)*(K$4:K$49<>"")*(L$4:L$49<>"")*(K$4:K$49>L$4:L$49)*3,(N$4:N$49=AY33)*(I$4:I$49=BR29)*(K$4:K$49<>"")*(L$4:L$49<>"")*(K$4:K$49=L$4:L$49)*1,(N$4:N$49=AY33)*(I$4:I$49=BR29)*(K$4:K$49<>"")*(L$4:L$49<>"")*(K$4:K$49<L$4:L$49)*3,(I$4:I$49=AY33)*(N$4:N$49=BR29)*(K$4:K$49<>"")*(L$4:L$49<>"")*(K$4:K$49=L$4:L$49)*1)} -> 3 | BS33: 0 | BT33: 4 | BU33: =RANK(BW33,$BW$30:$BW$33) -> 2 | BV33: =A32 -> Australia | BW33: =AR33 -> 6.6642105e+09 | BX33: =VLOOKUP(Q33,$AH$30:$AI$33,2,0) -> Dinamarca | BY33: =VLOOKUP($BX33,$AI$30:$AR$33,10,FALSE) -> 1.1022105e+09 | CA33: 4 | CB33: =VLOOKUP(CA33,$AH$30:$AI$33,2,0) -> Dinamarca | CC33: =VLOOKUP(CB33,$AI$30:$AR$33,2,FALSE) -> 1 | CD33: =IF(SUM($AK$30:$AK$33)=12,MIN(ABS(BY32-BY33),ABS(BY33-BY34)),100) -> 1.1022105e+09 | CE33: =VLOOKUP($CB33,$AI$30:$AR$33,9,FALSE) -> -2 | CF33: =VLOOKUP($CB33,$AI$30:$AR$33,7,FALSE) -> 1 | CH33: {=IF($CI$30=$CL$29,$EC$29:$EC$32,IF(OR($CI$30=$CN$29,$CI$30=$CR$29),$EG$29:$EG$30,IF($CI$30=$CP$29,$EF$29:$EF$31,$EL$29)))} -> 4 | CK33: 4 | CL33: {=IF(AND($CC$30:$CC$33=$CC$33,$CD$30:$CD$33<90,$AQ$30:$AQ$33=$AQ$33,$CF$30:$CF$33=$CF$33),1,0)} -> 0 | CM33: {=IF(AND($CC$30:$CC$32=$CC$30,$CD$30:$CD$32<90,$CD$33>90,$CC$30<>$CC$33),1,0)} -> 0 | CN33: {=IF(AND($CC$32:$CC$33=$CC$32,$CD$32:$CD$33<90,$CC$32<>$CC$31),1,0)} -> 0 | CO33: {=IF(AND($CC$33<>$CC$31,$CC$33<>$CC$30),1,0)} -> 1 | CP33: {=IF(AND($CC$31:$CC$33=$CC$31,$CD$31:$CD$33<90,$CC$30<>$CC$33),1,0)} -> 0 | CQ33: {=IF(AND($CC$33<>$CC$31,$CC$33<>$CC$30),1,0)} -> 1 | CR33: {=IF(AND($CC$32:$CC$33=$CC$32,$CD$32:$CD$33<90,$CC$32<>$CC$31),1,0)} -> 0 | CS33: {=IF(AND($CC$33<>$CC$31,$CC$33<>$CC$30),1,0)} -> 1 | CT33: {=IF(AND($CC$30:$CC$33=$CC$30,$CD$30:$CD$33<90,$CE$32:$CE$33=$CE$33,$CE$31<>$CE$33),1,0)} -> 0 | CU33: {=IF(AND($CC$30:$CC$33=$CC$30,$CD$30:$CD$33<90,$CE$30:$CE$33=$CE$30,$CF$32=$CF$33,$CF$31<>$CF$32),1,0)} -> 0 | CV33: {=IF(AND($CC$30:$CC$32=$CC$30,$CD$30:$CD$31<90,$CC$32<>$CC$33),1,0)} -> 0 | CW33: {=IF(AND($CC$31<>$CC$30,$CC$31:$CC$33=$CC$32,$CD$31>90,$CD$32:$CD$33<90),1,0)} -> 0 | CX33: {=IF(AND($CC$31<>$CC$30,$CC$31:$CC$33=$CC$31,$CD$33>90,$CD$31:$CD$32<90),1,0)} -> 0 | CY33: {=IF(AND($CC$33<>$CC$31,$CC$33<>$CC$32),1,0)} -> 1 | CZ33: {=IF(AND($CC$30:$CC$33=$CC$31,$CD$31:$CD$33<90,$CD$30<>$CD$33),1,0)} -> 0 | DA33: {=IF(AND($CC$30:$CC$33=$CC$30,$CD$30:$CD$32<90,$CD$32<>$CD$33),1,0)} -> 0 | DB33: {=IF(AND($CC$30:$CC$33=$CC$33,$CD$30:$CD$31>90,$CD$32:$CD$33<90,$CE$30:$CE$33=$CE$33,$CF$30>$CF$31,$CF$31>$CF$33,$CF$32=$CF$33),1,0)} -> 0 | DC33: {=IF(AND($CC$30:$CC$33=$CC$31,$CD$30>90,$CD$31:$CD$32<90,$CD$33>90,$CE$30:$CE$33=$CE$33,$CF$30>$CF$33,$CF$31=$CF$32,$CF$31>$CF$33),1,0)} -> 0 | DD33: {=IF(AND($CC$30:$CC$33=$CC$33,$CD$30:$CD$31<90,$CD$32:$CD$33>90,$CE$30:$CE$33=$CE$33,$CF$30=$CF$31,$CF$31>$CF$32,$CF$32>$CF$33),1,0)} -> 0 | DE33: {=IF(AND($CC$30:$CC$33=$CC$33,$CD$30:$CD$31>90,$CD$32:$CD$33<90,$CE$30:$CE$33=$CE$33,$CF$30>$CF$33,$CF$31:$CF$33=$CF$33),1,0)} -> 0 | DF33: {=IF(AND($CC$30:$CC$33=$CC$33,$CD$30:$CD$31<90,$CD$32:$CD$33>90,$CE$30:$CE$33=$CE$33,$CF$30:$CF$32=$CF$32,$CF$30:$CF$32>$CF$33),1,0)} -> 0 | DG33: {=IF(AND($CC$30:$CC$33=$CC$33,$CD$30>90,$CD$33>90,$CD$31:$CD$32<90,$CE$30:$CE$33=$CE$33,$CF$30>$CF$31:$CF$33,$CF$31:$CF$33=$CF$33),1,0)} -> 0
F35: =F19 -> Fecha | G35: =G19 -> Hora | H35: =H19 -> Jor. | I35: =I19 -> Casa | K35: Gol | L35: Gol | N35: =N19 -> Fuera | CL35: 1 | CM35: 12 | CN35: 18 | CO35: 19 | CP35: 13 | CQ35: 20 | CR35: 21 | CS35: 22 | CT35: 3 | CU35: 2 | CV35: 14 | CW35: 17 | CX35: 16 | CY35: 15 | CZ35: 4 | DA35: 5 | DB35: 10 | DC35: 8 | DD35: 6 | DE35: 11 | DF35: 7 | DG35: 9 | EC35: OP1 | ED35: OP2 | EE35: OP3 | EF35: OP4 | EG35: OP5 | EH35: OP6 | EI35: OP7 | EJ35: OP8 | EK35: OP9 | EL35: OP10
A36: NombreEquipo | B36: E | C36: =COUNTIF(Equipos!$C$2:$C$33,MUNDIAL!B36) -> 4 | E36: E | F36: =Horarios!C36 -> 44888.667 | G36: =Horarios!C36 -> 44888.667 | H36: J1 | I36: =A39 -> Alemania | J36: =VLOOKUP(I36,Equipos!$H$2:$I$33,2,0) -> 🇩🇪 | K36: 1 | L36: 2 | M36: =VLOOKUP(N36,Equipos!$H$2:$I$33,2,0) -> 🇯🇵 | N36: =A40 -> Japón | O36: =IF(NOT(OR(ISBLANK(K36),ISBLANK(L36))),1,0) -> 1 | Q36: =CONCATENATE("Grupo"," ",B36) -> Grupo E | AB36: ¡EMPATE! Puedes seleccionar el orden de los empatados. | AH36: =CONCATENATE("Auxiliar - ",Q36) -> Auxiliar - Grupo E | AU36: NR | AY36: =CONCATENATE(Q36," - GOLAVERAGE") -> Grupo E - GOLAVERAGE | BB36: Goles - Partidos Cruzados | BH36: Diferencia de Goles - Partidos Cruzados | BN36: Puntos - Partidos Cruzados | CI36: Valor | CK36: Sum | CL36: =SUM(CL38:CL41) -> 0 | CM36: =SUM(CM38:CM41) -> 0 | CN36: =SUM(CN38:CN41) -> 0 | CO36: =SUM(CO38:CO41) -> 1 | CP36: =SUM(CP38:CP41) -> 0 | CQ36: =SUM(CQ38:CQ41) -> 2 | CR36: =SUM(CR38:CR41) -> 1 | CS36: =SUM(CS38:CS41) -> 2 | ... DG36: =SUM(DG38:DG41) -> 0 | EC36: 1234 | ED36: 123 | EE36: 12 | EF36: 234 | EG36: 34 | EH36: 23 | EI36: 1 | EJ36: 2 | EK36: 3 | EL36: 4
A37: {=IF(ROWS(A$37:A37)<=$C$36,INDEX(INDIRECT(A$36),SMALL(IF(Nivell=$B$36,ROW(Nivell)-ROW(Equipos!$C$2)+1),ROWS(B$36:B36))),"")} -> España | F37: =Horarios!C37 -> 44888.792 | G37: =Horarios!C37 -> 44888.792 | H37: J1 | I37: =A37 -> España | J37: =VLOOKUP(I37,Equipos!$H$2:$I$33,2,0) -> 🇪🇸 | K37: 7 | L37: 0 | M37: =VLOOKUP(N37,Equipos!$H$2:$I$33,2,0) -> 🇨🇷 | N37: =A38 -> Costa Rica | O37: =IF(NOT(OR(ISBLANK(K37),ISBLANK(L37))),1,0) -> 1 | Q37: Pos | R37: Selección | S37: Pts | T37: J | U37: G | V37: E | W37: P | X37: GF | Y37: GC | Z37: DG | AA37: =COUNTIF(AA38:AA41,"<100") -> 0 | AG37: NR | AH37: Puesto | AI37: Equipo | AJ37: Ptos | AK37: J | AL37: G | AM37: E | AN37: P | AO37: GF | AP37: GC | AQ37: Dif | AR37: Rank | AS37: Puesto | AY37: Equipo | AZ37: NEquipEqual | BA37: PUNTOS | BB37: Ranking Inv | BC37: Entre Iguales | BD37: =AY38 -> España | BE37: =AY39 -> Costa Rica | BF37: =AY40 -> Alemania | BG37: =AY41 -> Japón | BH37: Ranking Inv | BI37: Entre Iguales | BJ37: =BD37 -> España | BK37: =BE37 -> Costa Rica | BL37: =BF37 -> Alemania | BM37: =BG37 -> Japón | BN37: Ranking Inv | BO37: Entre Iguales | BP37: =BD37 -> España | BQ37: =BE37 -> Costa Rica | BR37: =BF37 -> Alemania | BS37: =BG37 -> Japón | BV37: Inicio | BX37: 1R | CB37: Equipo | CC37: Ptos | CD37: Signo | CE37: Dif | CF37: Gf | CK37: Com | CL37: COM_1 | CM37: COM_2 | CN37: COM_3 | CO37: COM_4 | CP37: COM_5 | CQ37: COM_6 | CR37: COM_7 | CS37: COM_8 | CT37: COM_3 | CU37: COM_3 | CV37: COM_4 | CW37: COM_7 | CX37: COM_6 | CY37: COM_6 | CZ37: COM_5 | DA37: COM_2 | DB37: COM_7 | DC37: COM_6 | DD37: COM_4 | DE37: COM_7 | DF37: COM_4 | DG37: COM_6 | EC37: 1 | ED37: 1 | EE37: 1 | EF37: 2 | EG37: 3 | EH37: 2 | EI37: 1 | EJ37: 2 | EK37: 3 | EL37: 4
A38: {=IF(ROWS(A$37:A38)<=$C$36,INDEX(INDIRECT(A$36),SMALL(IF(Nivell=$B$36,ROW(Nivell)-ROW(Equipos!$C$2)+1),ROWS(B$36:B37))),"")} -> Costa Rica | F38: =Horarios!C38 -> 44892.542 | G38: =Horarios!C38 -> 44892.542 | H38: J2 | I38: =A40 -> Japón | J38: =VLOOKUP(I38,Equipos!$H$2:$I$33,2,0) -> 🇯🇵 | K38: 0 | L38: 1 | M38: =VLOOKUP(N38,Equipos!$H$2:$I$33,2,0) -> 🇨🇷 | N38: =A38 -> Costa Rica | O38: =IF(NOT(OR(ISBLANK(K38),ISBLANK(L38))),1,0) -> 1 | Q38: 1 | R38: =VLOOKUP(Q38,$AG$38:$AI$41,3,0) -> Japón | S38: =VLOOKUP(R38,$AI$38:$AR$41,2,FALSE) -> 6 | T38: =VLOOKUP($R38,$AI$38:$AR$41,3,FALSE) -> 3 | U38: =VLOOKUP($R38,$AI$38:$AR$41,4,FALSE) -> 2 | V38: =VLOOKUP($R38,$AI$38:$AR$41,5,FALSE) -> 0 | W38: =VLOOKUP($R38,$AI$38:$AR$41,6,FALSE) -> 1 | X38: =VLOOKUP($R38,$AI$38:$AR$41,7,FALSE) -> 4 | Y38: =VLOOKUP($R38,$AI$38:$AR$41,8,FALSE) -> 3 | Z38: =VLOOKUP($R38,$AI$38:$AR$41,9,FALSE) -> 1 | AA38: =IF(SUM($AK$38:$AK$41)=12,MIN(ABS(BY37-BY38),ABS(BY38-BY39)),100) -> 2.192e+09 | AB38: =IF(AND(AA38>=0,AA38<90),VLOOKUP(Q38,$BU$38:$BV$41,2,0),"") | AF38: =VLOOKUP($R38,$AI$38:$AR$41,10,FALSE) -> 6.6752105e+09 | AG38: =RANK(AU38,$AU$38:$AU$41) -> 2 | AH38: =RANK(AR38,$AR$38:$AR$41) -> 2 | AI38: =A37 -> España | AJ38: =AL38*3+AM38*1+AN38*0 -> 4 | AK38: =COUNTIFS($I$4:$I$65,AI38,$K$4:$K$65,"<>",$L$4:$L$65,"<>")+COUNTIFS($N$4:$N$65,AI38,$L$4:$L$65,"<>",$K$4:$K$65,"<>") -> 3 | AL38: {=SUM(($I$4:$I$65=AI38)*($K$4:$K$65<>"")*($L$4:$L$65<>"")*($K$4:$K$65>$L$4:$L$65),($N$4:$N$65=AI38)*($K$4:$K$65<>"")*($L$4:$L$65<>"")*($K$4:$K$65<$L$4:$L$65))} -> 1 | AM38: {=SUM(($I$4:$I$65=AI38)*($K$4:$K$65<>"")*($L$4:$L$65<>"")*($K$4:$K$65=$L$4:$L$65),($N$4:$N$65=AI38)*($K$4:$K$65<>"")*($L$4:$L$65<>"")*($K$4:$K$65=$L$4:$L$65))} -> 1 | AN38: {=SUM(($I$4:$I$65=AI38)*($L$4:$L$65<>"")*($K$4:$K$65<>"")*($K$4:$K$65<$L$4:$L$65),($K$4:$K$65<>"")*($N$4:$N$65=AI38)*($L$4:$L$65<>"")*($K$4:$K$65>$L$4:$L$65))} -> 1 | AO38: {=SUMIFS($K$4:$K$65,$I$4:$I$65,AI38,$K$4:$K$65,"<>",$L$4:$L$65,"<>")+SUMIFS($L$4:$L$65,$N$4:$N$65,AI38,$K$4:$K$65,"<>",$L$4:$L$65,"<>")} -> 9 | AP38: {=SUMIFS($K$4:$K$65,$N$4:$N$65,AI38,$K$4:$K$65,"<>",$L$4:$L$65,"<>")+SUMIFS($L$4:$L$65,$I$4:$I$65,AI38,$K$4:$K$65,"<>",$L$4:$L$65,"<>")} -> 3 | AQ38: =AO38-AP38 -> 6 | AR38: =IF(AK38=0,-($AW$11*VLOOKUP(AI38,Tabla3[[NombreEquipo]:[Rank]],3,FALSE)),AJ38*$AW$4+AQ38*$AW$5+AO38*$AW$6+BA38-($AW$11*VLOOKUP(AI38,Tabla3[[NombreEquipo]:[Rank]],3,FALSE)/100)) -> 4.4832105e+09 | AS38: =AH38 -> 2 | AU38: =IFERROR(AR38-VLOOKUP(AI38,$AB$38:$AC$41,2,0),AR38) -> 4.4832105e+09 | AY38: =AI38 -> España | AZ38: =COUNTIF(AJ38:AJ41,AJ38) -> 2 | BA38: =(BB38*$AW$9)+(BH38*$AW$8)+(BN38*$AW$7) -> 210500 | BB38: =RANK(BC38,BC38:BC41,1) -> 1 | BC38: =SUM(IF(AND(AJ38=AJ39,AQ38=AQ39,AO38=AO39),BE38,0),IF(AND(AJ38=AJ40,AQ38=AQ40,AO38=AO40),BF38,0),IF(AND(AJ38=AJ41,AQ38=AQ41,AO38=AO41),BG38,0)) -> 0 | BD38: 0 | BE38: {=SUMIFS($K$36:$K$41,$I$36:$I$41,$AY38,$K$36:$K$41,"<>",$L$36:$L$41,"<>",$N$36:$N$41,BE37)+SUMIFS($L$36:$L$41,$I$36:$I$41,BE37,$K$36:$K$41,"<>",$L$36:$L$41,"<>",$N$36:$N$41,$AY38)} -> 7 | BF38: {=SUMIFS($K$36:$K$41,$I$36:$I$41,$AY38,$K$36:$K$41,"<>",$L$36:$L$41,"<>",$N$36:$N$41,BF37)+SUMIFS($L$36:$L$41,$I$36:$I$41,BF37,$K$36:$K$41,"<>",$L$36:$L$41,"<>",$N$36:$N$41,$AY38)} -> 1 | BG38: {=SUMIFS($K$36:$K$41,$I$36:$I$41,$AY38,$K$36:$K$41,"<>",$L$36:$L$41,"<>",$N$36:$N$41,BG37)+SUMIFS($L$36:$L$41,$I$36:$I$41,BG37,$K$36:$K$41,"<>",$L$36:$L$41,"<>",$N$36:$N$41,$AY38)} -> 1 | BH38: =RANK(BI38,BI38:BI41,1) -> 1 | BI38: =SUM(IF(AND(AJ38=AJ39,AQ38=AQ39,AO38=AO39),BK38,0),IF(AND(AJ38=AJ40,AQ38=AQ40,AO38=AO40),BL38,0),IF(AND(AJ38=AJ41,AQ38=AQ41,AO38=AO41),BM38,0)) -> 0 | BJ38: 0 | BK38: =BE38-BD39 -> 7 | BL38: =BF38-BD40 -> 0 | BM38: =BG38-BD41 -> -1 | BN38: =RANK(BO38,BO38:BO41,1) -> 1 | BO38: =SUM(IF(AND(AJ38=AJ39,AQ38=AQ39,AO38=AO39),BQ38,0),IF(AND(AJ38=AJ40,AQ38=AQ40,AO38=AO40),BR38,0),IF(AND(AJ38=AJ41,AQ38=AQ41,AO38=AO41),BS38,0)) -> 0 | BP38: 0 | BQ38: {=SUM((I$4:I$49=AY38)*(N$4:N$49=BQ37)*(K$4:K$49<>"")*(L$4:L$49<>"")*(K$4:K$49>L$4:L$49)*3,(N$4:N$49=AY38)*(I$4:I$49=BQ37)*(K$4:K$49<>"")*(L$4:L$49<>"")*(K$4:K$49=L$4:L$49)*1,(N$4:N$49=AY38)*(I$4:I$49=BQ37)*(K$4:K$49<>"")*(L$4:L$49<>"")*(K$4:K$49<L$4:L$49)*3,(I$4:I$49=AY38)*(N$4:N$49=BQ37)*(K$4:K$49<>"")*(L$4:L$49<>"")*(K$4:K$49=L$4:L$49)*1)} -> 3 | BR38: {=SUM((I$4:I$49=AY38)*(N$4:N$49=BR37)*(K$4:K$49<>"")*(L$4:L$49<>"")*(K$4:K$49>L$4:L$49)*3,(N$4:N$49=AY38)*(I$4:I$49=BR37)*(K$4:K$49<>"")*(L$4:L$49<>"")*(K$4:K$49=L$4:L$49)*1,(N$4:N$49=AY38)*(I$4:I$49=BR37)*(K$4:K$49<>"")*(L$4:L$49<>"")*(K$4:K$49<L$4:L$49)*3,(I$4:I$49=AY38)*(N$4:N$49=BR37)*(K$4:K$49<>"")*(L$4:L$49<>"")*(K$4:K$49=L$4:L$49)*1)} -> 1 | BS38: {=SUM((I$4:I$49=AY38)*(N$4:N$49=BS37)*(K$4:K$49<>"")*(L$4:L$49<>"")*(K$4:K$49>L$4:L$49)*3,(N$4:N$49=AY38)*(I$4:I$49=BS37)*(K$4:K$49<>"")*(L$4:L$49<>"")*(K$4:K$49=L$4:L$49)*1,(N$4:N$49=AY38)*(I$4:I$49=BS37)*(K$4:K$49<>"")*(L$4:L$49<>"")*(K$4:K$49<L$4:L$49)*3,(I$4:I$49=AY38)*(N$4:N$49=BS37)*(K$4:K$49<>"")*(L$4:L$49<>"")*(K$4:K$49=L$4:L$49)*1)} -> 0 | BT38: 1 | BU38: =RANK(BW38,$BW$38:$BW$41) -> 2 | BV38: =A37 -> España | BW38: =AR38 -> 4.4832105e+09 | BX38: =VLOOKUP(Q38,$AH$38:$AI$41,2,0) -> Japón | BY38: =VLOOKUP($BX38,$AI$38:$AR$41,10,FALSE) -> 6.6752105e+09 | CA38: 1 | CB38: =VLOOKUP(CA38,$AH$38:$AI$41,2,0) -> Japón | CC38: =VLOOKUP(CB38,$AI$38:$AR$41,2,FALSE) -> 6 | CD38: =IF(SUM($AK$38:$AK$41)=12,MIN(ABS(BY37-BY38),ABS(BY38-BY39)),100) -> 2.192e+09 | CE38: =VLOOKUP($CB38,$AI$38:$AR$41,9,FALSE) -> 1 | CF38: =VLOOKUP($CB38,$AI$38:$AR$41,7,FALSE) -> 4 | CH38: {=IF($CI$38=$CL$37,$EC$37:$EC$40,IF($CI$38=$CM$37,$ED$37:$ED$39,IF(OR($CI$38=$CN$37,$CI$38=$CO$37),$EE$37:$EE$38,$EI$37)))} -> 1 | CI38: =IFERROR(HLOOKUP(4,CL36:DI37,2,0),CS37) -> COM_8 | CK38: 1 | CL38: {=IF(AND($CC$38:$CC$41=$CC$38,$CD$38:$CD$41<90,$AQ$38:$AQ$41=$AQ$38,$CF$38:$CF$41=$CF$38),1,0)} -> 0 | CM38: {=IF(AND($CC$38:$CC$40=$CC$38,$CD$38:$CD$40<90,$CC$38<>$CC$41),1,0)} -> 0 | CN38: {=IF(AND($CC$38:$CC$39=$CC$38,$CD$38:$CD$39<90,$CC$38<>$CC$40),1,0)} -> 0 | CO38: {=IF(AND($CC$38:$CC$39=$CC$38,$CD$38:$CD$39<90,$CC$38<>$CC$40),1,0)} -> 0 | CP38: {=IF(AND($CC$39:$CC$41=$CC$39,$CD$39:$CD$41<90,$CC$38<>$CC$39),1,0)} -> 0 | CQ38: {=IF(AND($CC$38<>$CC$39,$CC$38<>$CC$41),1,0)} -> 1 | CR38: {=IF(AND($CC$38<>$CC$39,$CC$38<>$CC$41),1,0)} -> 1 | CS38: {=IF(AND($CC$38<>$CC$39,$CC$38<>$CC$41),1,0)} -> 1 | CT38: {=IF(AND($CC$38:$CC$41=$CC$38,$CD$38:$CD$41<90,$CE$38:$CE$39=$CE$38,$CE$38<>$CE$40),1,0)} -> 0 | CU38: {=IF(AND($CC$38:$CC$41=$CC$38,$CD$38:$CD$41<90,$CE$38:$CE$41=$CE$38,$CF$38=$CF$39,$CF$38<>$CF$40),1,0)} -> 0 | CV38: {=IF(AND($CC$38:$CC$40=$CC$38,$CD$38:$CD$39<90,$CD$40>90),1,0)} -> 0 | CW38: {=IF(AND($CC$38<>$CC$39,$CC$38<>$CC$40),1,0)} -> 1 | CX38: {=IF(AND($CC$38<>$CC$39,$CC$38<>$CC$40),1,0)} -> 1 | CY38: {=IF(AND($CC$38<>$CC$41,$CC$38:$CC$40=$CC$38,$CD$38>90,$CD$39:$CD$40<90),1,0)} -> 0 | CZ38: {=IF(AND($CC$38:$CC$41=$CC$38,$CD$39:$CD$41<90,$CD$38<>$CD$39),1,0)} -> 0 | DA38: {=IF(AND($CC$38:$CC$41=$CC$38,$CD$38:$CD$40<90,$CD$38<>$CD$41),1,0)} -> 0 | DB38: {=IF(AND($CC$38:$CC$41=$CC$38,$CD$38:$CD$39>90,$CD$40:$CD$41<90,$CE$38:$CE$41=$CE$38,$CF$38>$CF$39,$CF$38>$CF$40,$CF$38>$CF$41),1,0)} -> 0 | DC38: {=IF(AND($CC$38:$CC$41=$CC$38,$CD$38>90,$CD$39:$CD$40<90,$CD$41>90,$CE$38:$CE$41=$CE$38,$CF$38>$CF$39,$CF$38>$CF$40,$CF$38>$CF$41),1,0)} -> 0 | DD38: {=IF(AND($CC$38:$CC$41=$CC$38,$CD$38:$CD$39<90,$CD$40:$CD$41>90,$CE$38:$CE$41=$CE$38,$CF$38=$CF$39,$CF$38>$CF$40,$CF$38>$CF$41),1,0)} -> 0 | DE38: {=IF(AND($CC$38:$CC$41=$CC$38,$CD$38:$CD$39>90,$CD$40:$CD$41<90,$CE$38:$CE$41=$CE$38,$CF$38>$CF$39,$CF$39:$CF$41=$CF$39),1,0)} -> 0 | DF38: {=IF(AND($CC$38:$CC$41=$CC$38,$CD$38:$CD$39<90,$CD$40:$CD$41>90,$CE$38:$CE$41=$CE$38,$CF$38:$CF$40=$CF$38,$CF$38>$CF$41),1,0)} -> 0 | DG38: {=IF(AND($CC$38:$CC$41=$CC$38,$CD$38>90,$CD$41>90,$CD$39:$CD$40<90,$CE$38:$CE$41=$CE$38,$CF$38>$CF$39:$CF$41),1,0)} -> 0 | EC38: 2 | ED38: 2 | EE38: 2 | EF38: 3 | EG38: 4 | EH38: 3
A39: {=IF(ROWS(A$37:A39)<=$C$36,INDEX(INDIRECT(A$36),SMALL(IF(Nivell=$B$36,ROW(Nivell)-ROW(Equipos!$C$2)+1),ROWS(B$36:B38))),"")} -> Alemania | F39: =Horarios!C39 -> 44892.917 | G39: =Horarios!C39 -> 44892.917 | H39: J2 | I39: =A37 -> España | J39: =VLOOKUP(I39,Equipos!$H$2:$I$33,2,0) -> 🇪🇸 | K39: 1 | L39: 1 | M39: =VLOOKUP(N39,Equipos!$H$2:$I$33,2,0) -> 🇩🇪 | N39: =A39 -> Alemania | O39: =IF(NOT(OR(ISBLANK(K39),ISBLANK(L39))),1,0) -> 1 | Q39: 2 | R39: =VLOOKUP(Q39,$AG$38:$AI$41,3,0) -> España | S39: =VLOOKUP(R39,$AI$38:$AR$41,2,FALSE) -> 4 | T39: =VLOOKUP($R39,$AI$38:$AR$41,3,FALSE) -> 3 | U39: =VLOOKUP($R39,$AI$38:$AR$41,4,FALSE) -> 1 | V39: =VLOOKUP($R39,$AI$38:$AR$41,5,FALSE) -> 1 | W39: =VLOOKUP($R39,$AI$38:$AR$41,6,FALSE) -> 1 | X39: =VLOOKUP($R39,$AI$38:$AR$41,7,FALSE) -> 9 | Y39: =VLOOKUP($R39,$AI$38:$AR$41,8,FALSE) -> 3 | Z39: =VLOOKUP($R39,$AI$38:$AR$41,9,FALSE) -> 6 | AA39: =IF(SUM($AK$38:$AK$41)=12,MIN(ABS(BY38-BY39),ABS(BY39-BY40)),100) -> 28000000 | AB39: =IF(AND(AA39>=0,AA39<90),VLOOKUP(Q39,$BU$38:$BV$41,2,0),"") | AF39: =VLOOKUP($R39,$AI$38:$AR$41,10,FALSE) -> 4.4832105e+09 | AG39: =RANK(AU39,$AU$38:$AU$41) -> 4 | AH39: =RANK(AR39,$AR$38:$AR$41) -> 4 | AI39: =A38 -> Costa Rica | AJ39: =AL39*3+AM39*1+AN39*0 -> 3 | AK39: =COUNTIFS($I$4:$I$65,AI39,$K$4:$K$65,"<>",$L$4:$L$65,"<>")+COUNTIFS($N$4:$N$65,AI39,$L$4:$L$65,"<>",$K$4:$K$65,"<>") -> 3 | AL39: {=SUM(($I$4:$I$65=AI39)*($K$4:$K$65<>"")*($L$4:$L$65<>"")*($K$4:$K$65>$L$4:$L$65),($N$4:$N$65=AI39)*($K$4:$K$65<>"")*($L$4:$L$65<>"")*($K$4:$K$65<$L$4:$L$65))} -> 1 | AM39: {=SUM(($I$4:$I$65=AI39)*($K$4:$K$65<>"")*($L$4:$L$65<>"")*($K$4:$K$65=$L$4:$L$65),($N$4:$N$65=AI39)*($K$4:$K$65<>"")*($L$4:$L$65<>"")*($K$4:$K$65=$L$4:$L$65))} -> 0 | AN39: {=SUM(($I$4:$I$65=AI39)*($L$4:$L$65<>"")*($K$4:$K$65<>"")*($K$4:$K$65<$L$4:$L$65),($K$4:$K$65<>"")*($N$4:$N$65=AI39)*($L$4:$L$65<>"")*($K$4:$K$65>$L$4:$L$65))} -> 2 | AO39: {=SUMIFS($K$4:$K$65,$I$4:$I$65,AI39,$K$4:$K$65,"<>",$L$4:$L$65,"<>")+SUMIFS($L$4:$L$65,$N$4:$N$65,AI39,$K$4:$K$65,"<>",$L$4:$L$65,"<>")} -> 3 | AP39: {=SUMIFS($K$4:$K$65,$N$4:$N$65,AI39,$K$4:$K$65,"<>",$L$4:$L$65,"<>")+SUMIFS($L$4:$L$65,$I$4:$I$65,AI39,$K$4:$K$65,"<>",$L$4:$L$65,"<>")} -> 11 | AQ39: =AO39-AP39 -> -8 | AR39: =IF(AK39=0,-($AW$11*VLOOKUP(AI39,Tabla3[[NombreEquipo]:[Rank]],3,FALSE)),AJ39*$AW$4+AQ39*$AW$5+AO39*$AW$6+BA39-($AW$11*VLOOKUP(AI39,Tabla3[[NombreEquipo]:[Rank]],3,FALSE)/100)) -> 3.2962105e+09 | AS39: =AH39 -> 4 | AU39: =IFERROR(AR39-VLOOKUP(AI39,$AB$38:$AC$41,2,0),AR39) -> 3.2962105e+09 | AY39: =AI39 -> Costa Rica | AZ39: =COUNTIF(AJ38:AJ41,AJ39) -> 1 | BA39: =(BB39*$AW$9)+(BH39*$AW$8)+(BN39*$AW$7) -> 210500 | BB39: =RANK(BC39,BC38:BC41,1) -> 1 | BC39: =SUM(IF(AND(AJ39=AJ40,AQ39=AQ40,AO39=AO40),BF39,0),IF(AND(AJ39=AJ41,AQ39=AQ41,AO39=AO41),BG39,0),IF(AND(AJ39=AJ38,AQ39=AQ38,AO39=AO38),BD39,0)) -> 0 | BD39: {=SUMIFS($K$36:$K$41,$I$36:$I$41,$AY39,$K$36:$K$41,"<>",$L$36:$L$41,"<>",$N$36:$N$41,BD37)+SUMIFS($L$36:$L$41,$I$36:$I$41,BD37,$K$36:$K$41,"<>",$L$36:$L$41,"<>",$N$36:$N$41,$AY39)} -> 0 | BE39: 0 | BF39: {=SUMIFS($K$36:$K$41,$I$36:$I$41,$AY39,$K$36:$K$41,"<>",$L$36:$L$41,"<>",$N$36:$N$41,BF37)+SUMIFS($L$36:$L$41,$I$36:$I$41,BF37,$K$36:$K$41,"<>",$L$36:$L$41,"<>",$N$36:$N$41,$AY39)} -> 2 | BG39: {=SUMIFS($K$36:$K$41,$I$36:$I$41,$AY39,$K$36:$K$41,"<>",$L$36:$L$41,"<>",$N$36:$N$41,BG37)+SUMIFS($L$36:$L$41,$I$36:$I$41,BG37,$K$36:$K$41,"<>",$L$36:$L$41,"<>",$N$36:$N$41,$AY39)} -> 1 | BH39: =RANK(BI39,BI38:BI41,1) -> 1 | BI39: =SUM(IF(AND(AJ39=AJ40,AQ39=AQ40,AO39=AO40),BL39,0),IF(AND(AJ39=AJ41,AQ39=AQ41,AO39=AO41),BM39,0),IF(AND(AJ39=AJ38,AQ39=AQ38,AO39=AO38),BJ39,0)) -> 0 | BJ39: =BD39-BE38 -> -7 | BK39: 0 | BL39: =BF39-BE40 -> -2 | BM39: =BG39-BE41 -> 1 | BN39: =RANK(BO39,BO38:BO41,1) -> 1 | BO39: =SUM(IF(AND(AJ39=AJ40,AQ39=AQ40,AO39=AO40),BR39,0),IF(AND(AJ39=AJ41,AQ39=AQ41,AO39=AO41),BS39,0),IF(AND(AJ39=AJ38,AQ39=AQ38,AO39=AO38),BP39,0)) -> 0 | BP39: {=SUM((I$4:I$49=AY39)*(N$4:N$49=BP37)*(K$4:K$49<>"")*(L$4:L$49<>"")*(K$4:K$49>L$4:L$49)*3,(N$4:N$49=AY39)*(I$4:I$49=BP37)*(K$4:K$49<>"")*(L$4:L$49<>"")*(K$4:K$49=L$4:L$49)*1,(N$4:N$49=AY39)*(I$4:I$49=BP37)*(K$4:K$49<>"")*(L$4:L$49<>"")*(K$4:K$49<L$4:L$49)*3,(I$4:I$49=AY39)*(N$4:N$49=BP37)*(K$4:K$49<>"")*(L$4:L$49<>"")*(K$4:K$49=L$4:L$49)*1)} -> 0 | BQ39: 0 | BR39: {=SUM((I$4:I$49=AY39)*(N$4:N$49=BR37)*(K$4:K$49<>"")*(L$4:L$49<>"")*(K$4:K$49>L$4:L$49)*3,(N$4:N$49=AY39)*(I$4:I$49=BR37)*(K$4:K$49<>"")*(L$4:L$49<>"")*(K$4:K$49=L$4:L$49)*1,(N$4:N$49=AY39)*(I$4:I$49=BR37)*(K$4:K$49<>"")*(L$4:L$49<>"")*(K$4:K$49<L$4:L$49)*3,(I$4:I$49=AY39)*(N$4:N$49=BR37)*(K$4:K$49<>"")*(L$4:L$49<>"")*(K$4:K$49=L$4:L$49)*1)} -> 0 | BS39: {=SUM((I$4:I$49=AY39)*(N$4:N$49=BS37)*(K$4:K$49<>"")*(L$4:L$49<>"")*(K$4:K$49>L$4:L$49)*3,(N$4:N$49=AY39)*(I$4:I$49=BS37)*(K$4:K$49<>"")*(L$4:L$49<>"")*(K$4:K$49=L$4:L$49)*1,(N$4:N$49=AY39)*(I$4:I$49=BS37)*(K$4:K$49<>"")*(L$4:L$49<>"")*(K$4:K$49<L$4:L$49)*3,(I$4:I$49=AY39)*(N$4:N$49=BS37)*(K$4:K$49<>"")*(L$4:L$49<>"")*(K$4:K$49=L$4:L$49)*1)} -> 3 | BT39: 2 | BU39: =RANK(BW39,$BW$38:$BW$41) -> 4 | BV39: =A38 -> Costa Rica | BW39: =AR39 -> 3.2962105e+09 | BX39: =VLOOKUP(Q39,$AH$38:$AI$41,2,0) -> España | BY39: =VLOOKUP($BX39,$AI$38:$AR$41,10,FALSE) -> 4.4832105e+09 | CA39: 2 | CB39: =VLOOKUP(CA39,$AH$38:$AI$41,2,0) -> España | CC39: =VLOOKUP(CB39,$AI$38:$AR$41,2,FALSE) -> 4 | CD39: =IF(SUM($AK$38:$AK$41)=12,MIN(ABS(BY38-BY39),ABS(BY39-BY40)),100) -> 28000000 | CE39: =VLOOKUP($CB39,$AI$38:$AR$41,9,FALSE) -> 6 | CF39: =VLOOKUP($CB39,$AI$38:$AR$41,7,FALSE) -> 9 | CH39: {=IF($CI$38=$CL$37,$EC$37:$EC$40,IF($CI$38=$CM$37,$ED$37:$ED$39,IF(OR($CI$38=$CN$37,$CI$38=$CO$37),$EE$37:$EE$38,IF($CI$38=$CP$37,$EF$37:$EF$39,(IF($CI$38=$CQ$37,$EH$37:$EH$38,$EJ$37))))))} -> 2 | CK39: 2 | CL39: {=IF(AND($CC$38:$CC$41=$CC$39,$CD$38:$CD$41<90,$AQ$38:$AQ$41=$AQ$39,$CF$38:$CF$41=$CF$39),1,0)} -> 0 | CM39: {=IF(AND($CC$38:$CC$40=$CC$39,$CD$38:$CD$40<90,$CC$39<>$CC$41),1,0)} -> 0 | CN39: {=IF(AND($CC$38:$CC$39=$CC$38,$CD$38:$CD$39<90,$CC$38<>$CC$40),1,0)} -> 0 | CO39: {=IF(AND($CC$38:$CC$39=$CC$38,$CD$38:$CD$39<90,$CC$38<>$CC$40),1,0)} -> 0 | CP39: {=IF(AND($CC$39:$CC$41=$CC$39,$CD$39:$CD$41<90,$CC$38<>$CC$39),1,0)} -> 0 | CQ39: {=IF(AND($CC$39:$CC$40=$CC$39,$CD$39:$CD$40<90,$CC$39<>$CC$38,$CC$39<>$CC$41),1,0)} -> 0 | CR39: {=IF(AND($CC$39<>$CC$38,$CC$39<>$CC$40),1,0)} -> 0 | CS39: {=IF(AND($CC$39<>$CC$38,$CC$39<>$CC$40),1,0)} -> 0 | CT39: {=IF(AND($CC$38:$CC$41=$CC$38,$CD$38:$CD$41<90,$CE$38:$CE$39=$CE$38,$CE$39<>$CE$40),1,0)} -> 0 | CU39: {=IF(AND($CC$38:$CC$41=$CC$38,$CD$38:$CD$41<90,$CE$38:$CE$41=$CE$38,$CF$38=$CF$39,$CF$39<>$CF$40),1,0)} -> 0 | CV39: {=IF(AND($CC$38:$CC$40=$CC$39,$CD$38:$CD$39<90,$CD$40>90),1,0)} -> 0 | CW39: {=IF(AND($CC$39<>$CC$38,$CC$39:$CC$41=$CC$39,$CD$39>90,$CD$40:$CD$41<90),1,0)} -> 0 | CX39: {=IF(AND($CC$39<>$CC$38,$CC$39:$CC$41=$CC$39,$CD$41>90,$CD$39:$CD$40<90),1,0)} -> 0 | CY39: {=IF(AND($CC$39<>$CC$41,$CC$38:$CC$40=$CC$39,$CD$38>90,$CD$39:$CD$40<90),1,0)} -> 0 | CZ39: {=IF(AND($CC$38:$CC$41=$CC$39,$CD$39:$CD$41<90,$CD$38<>$CD$39),1,0)} -> 0 | DA39: {=IF(AND($CC$38:$CC$41=$CC$39,$CD$38:$CD$40<90,$CD$39<>$CD$41),1,0)} -> 0 | DB39: {=IF(AND($CC$38:$CC$41=$CC$39,$CD$38:$CD$39>90,$CD$40:$CD$41<90,$CE$38:$CE$41=$CE$39,$CF$38>$CF$39,$CF$39>$CF$40,$CF$39>$CF$41),1,0)} -> 0 | DC39: {=IF(AND($CC$38:$CC$41=$CC$39,$CD$38>90,$CD$39:$CD$40<90,$CD$41>90,$CE$38:$CE$41=$CE$39,$CF$38>$CF$39,$CF$39=$CF$40,$CF$39>$CF$41),1,0)} -> 0 | DD39: {=IF(AND($CC$38:$CC$41=$CC$39,$CD$38:$CD$39<90,$CD$40:$CD$41>90,$CE$38:$CE$41=$CE$39,$CF$38=$CF$39,$CF$39>$CF$40,$CF$39>$CF$41),1,0)} -> 0 | DE39: {=IF(AND($CC$38:$CC$41=$CC$39,$CD$38:$CD$39>90,$CD$40:$CD$41<90,$CE$38:$CE$41=$CE$39,$CF$38>$CF$39,$CF$39:$CF$41=$CF$39),1,0)} -> 0 | DF39: {=IF(AND($CC$38:$CC$41=$CC$39,$CD$38:$CD$39<90,$CD$40:$CD$41>90,$CE$38:$CE$41=$CE$39,$CF$38:$CF$40=$CF$39,$CF$39>$CF$41),1,0)} -> 0 | DG39: {=IF(AND($CC$38:$CC$41=$CC$39,$CD$38>90,$CD$41>90,$CD$39:$CD$40<90,$CE$38:$CE$41=$CE$39,$CF$38>$CF$39:$CF$41,$CF$39:$CF$41=$CF$39),1,0)} -> 0 | EC39: 3 | ED39: 3 | EF39: 4
A40: {=IF(ROWS(A$37:A40)<=$C$36,INDEX(INDIRECT(A$36),SMALL(IF(Nivell=$B$36,ROW(Nivell)-ROW(Equipos!$C$2)+1),ROWS(B$36:B39))),"")} -> Japón | F40: =Horarios!C40 -> 44896.917 | G40: =Horarios!C40 -> 44896.917 | H40: J3 | I40: =A40 -> Japón | J40: =VLOOKUP(I40,Equipos!$H$2:$I$33,2,0) -> 🇯🇵 | K40: 2 | L40: 1 | M40: =VLOOKUP(N40,Equipos!$H$2:$I$33,2,0) -> 🇪🇸 | N40: =A37 -> España | O40: =IF(NOT(OR(ISBLANK(K40),ISBLANK(L40))),1,0) -> 1 | Q40: 3 | R40: =VLOOKUP(Q40,$AG$38:$AI$41,3,0) -> Alemania | S40: =VLOOKUP(R40,$AI$38:$AR$41,2,FALSE) -> 4 | T40: =VLOOKUP($R40,$AI$38:$AR$41,3,FALSE) -> 3 | U40: =VLOOKUP($R40,$AI$38:$AR$41,4,FALSE) -> 1 | V40: =VLOOKUP($R40,$AI$38:$AR$41,5,FALSE) -> 1 | W40: =VLOOKUP($R40,$AI$38:$AR$41,6,FALSE) -> 1 | X40: =VLOOKUP($R40,$AI$38:$AR$41,7,FALSE) -> 6 | Y40: =VLOOKUP($R40,$AI$38:$AR$41,8,FALSE) -> 5 | Z40: =VLOOKUP($R40,$AI$38:$AR$41,9,FALSE) -> 1 | AA40: =IF(SUM($AK$38:$AK$41)=12,MIN(ABS(BY39-BY40),ABS(BY40-BY41)),100) -> 28000000 | AB40: =IF(AND(AA40>=0,AA40<90),VLOOKUP(Q40,$BU$38:$BV$41,2,0),"") | AF40: =VLOOKUP($R40,$AI$38:$AR$41,10,FALSE) -> 4.4552105e+09 | AG40: =RANK(AU40,$AU$38:$AU$41) -> 3 | AH40: =RANK(AR40,$AR$38:$AR$41) -> 3 | AI40: =A39 -> Alemania | AJ40: =AL40*3+AM40*1+AN40*0 -> 4 | AK40: =COUNTIFS($I$4:$I$65,AI40,$K$4:$K$65,"<>",$L$4:$L$65,"<>")+COUNTIFS($N$4:$N$65,AI40,$L$4:$L$65,"<>",$K$4:$K$65,"<>") -> 3 | AL40: {=SUM(($I$4:$I$65=AI40)*($K$4:$K$65<>"")*($L$4:$L$65<>"")*($K$4:$K$65>$L$4:$L$65),($N$4:$N$65=AI40)*($K$4:$K$65<>"")*($L$4:$L$65<>"")*($K$4:$K$65<$L$4:$L$65))} -> 1 | AM40: {=SUM(($I$4:$I$65=AI40)*($K$4:$K$65<>"")*($L$4:$L$65<>"")*($K$4:$K$65=$L$4:$L$65),($N$4:$N$65=AI40)*($K$4:$K$65<>"")*($L$4:$L$65<>"")*($K$4:$K$65=$L$4:$L$65))} -> 1 | AN40: {=SUM(($I$4:$I$65=AI40)*($L$4:$L$65<>"")*($K$4:$K$65<>"")*($K$4:$K$65<$L$4:$L$65),($K$4:$K$65<>"")*($N$4:$N$65=AI40)*($L$4:$L$65<>"")*($K$4:$K$65>$L$4:$L$65))} -> 1 | AO40: {=SUMIFS($K$4:$K$65,$I$4:$I$65,AI40,$K$4:$K$65,"<>",$L$4:$L$65,"<>")+SUMIFS($L$4:$L$65,$N$4:$N$65,AI40,$K$4:$K$65,"<>",$L$4:$L$65,"<>")} -> 6 | AP40: {=SUMIFS($K$4:$K$65,$N$4:$N$65,AI40,$K$4:$K$65,"<>",$L$4:$L$65,"<>")+SUMIFS($L$4:$L$65,$I$4:$I$65,AI40,$K$4:$K$65,"<>",$L$4:$L$65,"<>")} -> 5 | AQ40: =AO40-AP40 -> 1 | AR40: =IF(AK40=0,-($AW$11*VLOOKUP(AI40,Tabla3[[NombreEquipo]:[Rank]],3,FALSE)),AJ40*$AW$4+AQ40*$AW$5+AO40*$AW$6+BA40-($AW$11*VLOOKUP(AI40,Tabla3[[NombreEquipo]:[Rank]],3,FALSE)/100)) -> 4.4552105e+09 | AS40: =AH40 -> 3 | AU40: =IFERROR(AR40-VLOOKUP(AI40,$AB$38:$AC$41,2,0),AR40) -> 4.4552105e+09 | AY40: =AI40 -> Alemania | AZ40: =COUNTIF(AJ38:AJ41,AJ40) -> 2 | BA40: =(BB40*$AW$9)+(BH40*$AW$8)+(BN40*$AW$7) -> 210500 | BB40: =RANK(BC40,BC38:BC41,1) -> 1 | BC40: =SUM(IF(AND(AJ40=AJ41,AQ40=AQ41,AO40=AO41),BG40,0),IF(AND(AJ40=AJ38,AQ40=AQ38,AO40=AO38),BD40,0),IF(AND(AJ40=AJ39,AQ40=AQ39,AO40=AO39),BE40,0)) -> 0 | BD40: {=SUMIFS($K$36:$K$41,$I$36:$I$41,$AY40,$K$36:$K$41,"<>",$L$36:$L$41,"<>",$N$36:$N$41,BD37)+SUMIFS($L$36:$L$41,$I$36:$I$41,BD37,$K$36:$K$41,"<>",$L$36:$L$41,"<>",$N$36:$N$41,$AY40)} -> 1 | BE40: {=SUMIFS($K$36:$K$41,$I$36:$I$41,$AY40,$K$36:$K$41,"<>",$L$36:$L$41,"<>",$N$36:$N$41,BE37)+SUMIFS($L$36:$L$41,$I$36:$I$41,BE37,$K$36:$K$41,"<>",$L$36:$L$41,"<>",$N$36:$N$41,$AY40)} -> 4 | BF40: 0 | BG40: {=SUMIFS($K$36:$K$41,$I$36:$I$41,$AY40,$K$36:$K$41,"<>",$L$36:$L$41,"<>",$N$36:$N$41,BG37)+SUMIFS($L$36:$L$41,$I$36:$I$41,BG37,$K$36:$K$41,"<>",$L$36:$L$41,"<>",$N$36:$N$41,$AY40)} -> 1 | BH40: =RANK(BI40,BI38:BI41,1) -> 1 | BI40: =SUM(IF(AND(AJ40=AJ41,AQ40=AQ41,AO40=AO41),BM40,0),IF(AND(AJ40=AJ38,AQ40=AQ38,AO40=AO38),BJ40,0),IF(AND(AJ40=AJ39,AQ40=AQ39,AO40=AO39),BK40,0)) -> 0 | BJ40: =BD40-BF38 -> 0 | BK40: =BE40-BF39 -> 2 | BL40: 0 | BM40: =BG40-BF41 -> -1 | BN40: =RANK(BO40,BO38:BO41,1) -> 1 | BO40: =SUM(IF(AND(AJ40=AJ41,AQ40=AQ41,AO40=AO41),BS40,0),IF(AND(AJ40=AJ38,AQ40=AQ38,AO40=AO38),BP40,0),IF(AND(AJ40=AJ39,AQ40=AQ39,AO40=AO39),BQ40,0)) -> 0 | BP40: {=SUM((I$4:I$49=AY40)*(N$4:N$49=BP37)*(K$4:K$49<>"")*(L$4:L$49<>"")*(K$4:K$49>L$4:L$49)*3,(N$4:N$49=AY40)*(I$4:I$49=BP37)*(K$4:K$49<>"")*(L$4:L$49<>"")*(K$4:K$49=L$4:L$49)*1,(N$4:N$49=AY40)*(I$4:I$49=BP37)*(K$4:K$49<>"")*(L$4:L$49<>"")*(K$4:K$49<L$4:L$49)*3,(I$4:I$49=AY40)*(N$4:N$49=BP37)*(K$4:K$49<>"")*(L$4:L$49<>"")*(K$4:K$49=L$4:L$49)*1)} -> 1 | BQ40: {=SUM((I$4:I$49=AY40)*(N$4:N$49=BQ37)*(K$4:K$49<>"")*(L$4:L$49<>"")*(K$4:K$49>L$4:L$49)*3,(N$4:N$49=AY40)*(I$4:I$49=BQ37)*(K$4:K$49<>"")*(L$4:L$49<>"")*(K$4:K$49=L$4:L$49)*1,(N$4:N$49=AY40)*(I$4:I$49=BQ37)*(K$4:K$49<>"")*(L$4:L$49<>"")*(K$4:K$49<L$4:L$49)*3,(I$4:I$49=AY40)*(N$4:N$49=BQ37)*(K$4:K$49<>"")*(L$4:L$49<>"")*(K$4:K$49=L$4:L$49)*1)} -> 3 | BR40: 0 | BS40: {=SUM((I$4:I$49=AY40)*(N$4:N$49=BS37)*(K$4:K$49<>"")*(L$4:L$49<>"")*(K$4:K$49>L$4:L$49)*3,(N$4:N$49=AY40)*(I$4:I$49=BS37)*(K$4:K$49<>"")*(L$4:L$49<>"")*(K$4:K$49=L$4:L$49)*1,(N$4:N$49=AY40)*(I$4:I$49=BS37)*(K$4:K$49<>"")*(L$4:L$49<>"")*(K$4:K$49<L$4:L$49)*3,(I$4:I$49=AY40)*(N$4:N$49=BS37)*(K$4:K$49<>"")*(L$4:L$49<>"")*(K$4:K$49=L$4:L$49)*1)} -> 0 | BT40: 3 | BU40: =RANK(BW40,$BW$38:$BW$41) -> 3 | BV40: =A39 -> Alemania | BW40: =AR40 -> 4.4552105e+09 | BX40: =VLOOKUP(Q40,$AH$38:$AI$41,2,0) -> Alemania | BY40: =VLOOKUP($BX40,$AI$38:$AR$41,10,FALSE) -> 4.4552105e+09 | CA40: 3 | CB40: =VLOOKUP(CA40,$AH$38:$AI$41,2,0) -> Alemania | CC40: =VLOOKUP(CB40,$AI$38:$AR$41,2,FALSE) -> 4 | CD40: =IF(SUM($AK$38:$AK$41)=12,MIN(ABS(BY39-BY40),ABS(BY40-BY41)),100) -> 28000000 | CE40: =VLOOKUP($CB40,$AI$38:$AR$41,9,FALSE) -> 1 | CF40: =VLOOKUP($CB40,$AI$38:$AR$41,7,FALSE) -> 6 | CH40: {=IF($CI$38=$CL$37,$EC$37:$EC$40,IF($CI$38=$CM$37,$ED$37:$ED$39,IF(OR($CI$38=$CN$37,$CI$38=$CR$37),$EG$37:$EG$38,IF($CI$38=$CP$37,$EF$37:$EF$39,(IF($CI$38=$CQ$37,$EH$37:$EH$38,$EK$37))))))} -> 3 | CK40: 3 | CL40: {=IF(AND($CC$38:$CC$41=$CC$40,$CD$38:$CD$41<90,$AQ$38:$AQ$41=$AQ$40,$CF$38:$CF$41=$CF$40),1,0)} -> 0 | CM40: {=IF(AND($CC$38:$CC$40=$CC$40,$CD$38:$CD$40<90,$CC$40<>$CC$41),1,0)} -> 0 | CN40: {=IF(AND($CC$40:$CC$41=$CC$40,$CD$40:$CD$41<90,$CC$40<>$CC$39),1,0)} -> 0 | CO40: {=IF(OR(AND($CC$40<>$CC$39,$CC$40<>$CC$41),AND($CC$40<>$CC$39,$CC$40=$CC$41,$CD$40>90,$CD$41>90)),1,0)} -> 0 | CP40: {=IF(AND($CC$39:$CC$41=$CC$39,$CD$39:$CD$41<90,$CC$38<>$CC$40),1,0)} -> 0 | CQ40: {=IF(AND($CC$39:$CC$40=$CC$40,$CD$39:$CD$40<90,$CC$40<>$CC$38,$CC$40<>$CC$41),1,0)} -> 0 | CR40: {=IF(AND($CC$40:$CC$41=$CC$40,$CD$40:$CD$41<90,$CC$40<>$CC$39),1,0)} -> 0 | CS40: {=IF(AND($CC$40<>$CC$39,$CC$40<>$CC$41),1,0)} -> 0 | CT40: {=IF(AND($CC$38:$CC$41=$CC$38,$CD$38:$CD$41<90,$CE$40:$CE$41=$CE$40,$CE$39<>$CE$40),1,0)} -> 0 | CU40: {=IF(AND($CC$38:$CC$41=$CC$38,$CD$38:$CD$41<90,$CE$38:$CE$41=$CE$38,$CF$40=$CF$41,$CF$39<>$CF$40),1,0)} -> 0 | CV40: {=IF(AND($CC$38:$CC$40=$CC$40,$CD$38:$CD$39<90,$CD$40>90),1,0)} -> 0 | CW40: {=IF(AND($CC$39<>$CC$38,$CC$39:$CC$41=$CC$40,$CD$39>90,$CD$40:$CD$41<90),1,0)} -> 0 | CX40: {=IF(AND($CC$39<>$CC$38,$CC$39:$CC$41=$CC$39,$CD$41>90,$CD$39:$CD$40<90),1,0)} -> 0 | CY40: {=IF(AND($CC$40<>$CC$41,$CC$38:$CC$40=$CC$40,$CD$38>90,$CD$39:$CD$40<90),1,0)} -> 0 | CZ40: {=IF(AND($CC$38:$CC$41=$CC$39,$CD$39:$CD$41<90,$CD$38<>$CD$40),1,0)} -> 0 | DA40: {=IF(AND($CC$38:$CC$41=$CC$40,$CD$38:$CD$40<90,$CD$40<>$CD$41),1,0)} -> 0 | DB40: {=IF(AND($CC$38:$CC$41=$CC$40,$CD$38:$CD$39>90,$CD$40:$CD$41<90,$CE$38:$CE$41=$CE$40,$CF$38>$CF$39,$CF$39>$CF$40,$CF$40=$CF$41),1,0)} -> 0 | DC40: {=IF(AND($CC$38:$CC$41=$CC$40,$CD$38>90,$CD$39:$CD$40<90,$CD$41>90,$CE$38:$CE$41=$CE$40,$CF$38>$CF$39,$CF$39=$CF$40,$CF$40>$CF$41),1,0)} -> 0 | DD40: {=IF(AND($CC$38:$CC$41=$CC$40,$CD$38:$CD$39<90,$CD$40:$CD$41>90,$CE$38:$CE$41=$CE$40,$CF$38=$CF$39,$CF$39>$CF$40,$CF$40>$CF$41),1,0)} -> 0 | DE40: {=IF(AND($CC$38:$CC$41=$CC$40,$CD$38:$CD$39>90,$CD$40:$CD$41<90,$CE$38:$CE$41=$CE$39,$CF$38>$CF$40,$CF$39:$CF$41=$CF$40),1,0)} -> 0 | DF40: {=IF(AND($CC$38:$CC$41=$CC$40,$CD$38:$CD$39<90,$CD$40:$CD$41>90,$CE$38:$CE$41=$CE$40,$CF$38:$CF$40=$CF$40,$CF$40>$CF$41),1,0)} -> 0 | DG40: {=IF(AND($CC$38:$CC$41=$CC$40,$CD$38>90,$CD$41>90,$CD$39:$CD$40<90,$CE$38:$CE$41=$CE$40,$CF$38>$CF$39:$CF$41,$CF$39:$CF$41=$CF$40),1,0)} -> 0 | EC40: 4
F41: =Horarios!C41 -> 44896.917 | G41: =Horarios!C41 -> 44896.917 | H41: J3 | I41: =A38 -> Costa Rica | J41: =VLOOKUP(I41,Equipos!$H$2:$I$33,2,0) -> 🇨🇷 | K41: 2 | L41: 4 | M41: =VLOOKUP(N41,Equipos!$H$2:$I$33,2,0) -> 🇩🇪 | N41: =A39 -> Alemania | O41: =IF(NOT(OR(ISBLANK(K41),ISBLANK(L41))),1,0) -> 1 | Q41: 4 | R41: =VLOOKUP(Q41,$AG$38:$AI$41,3,0) -> Costa Rica | S41: =VLOOKUP(R41,$AI$38:$AR$41,2,FALSE) -> 3 | T41: =VLOOKUP($R41,$AI$38:$AR$41,3,FALSE) -> 3 | U41: =VLOOKUP($R41,$AI$38:$AR$41,4,FALSE) -> 1 | V41: =VLOOKUP($R41,$AI$38:$AR$41,5,FALSE) -> 0 | W41: =VLOOKUP($R41,$AI$38:$AR$41,6,FALSE) -> 2 | X41: =VLOOKUP($R41,$AI$38:$AR$41,7,FALSE) -> 3 | Y41: =VLOOKUP($R41,$AI$38:$AR$41,8,FALSE) -> 11 | Z41: =VLOOKUP($R41,$AI$38:$AR$41,9,FALSE) -> -8 | AA41: =IF(SUM($AK$38:$AK$41)=12,MIN(ABS(BY40-BY41),ABS(BY41-BY42)),100) -> 1.159e+09 | AB41: =IF(AND(AA41>=0,AA41<90),VLOOKUP(Q41,$BU$38:$BV$41,2,0),"") | AF41: =VLOOKUP($R41,$AI$38:$AR$41,10,FALSE) -> 3.2962105e+09 | AG41: =RANK(AU41,$AU$38:$AU$41) -> 1 | AH41: =RANK(AR41,$AR$38:$AR$41) -> 1 | AI41: =A40 -> Japón | AJ41: =AL41*3+AM41*1+AN41*0 -> 6 | AK41: =COUNTIFS($I$4:$I$65,AI41,$K$4:$K$65,"<>",$L$4:$L$65,"<>")+COUNTIFS($N$4:$N$65,AI41,$L$4:$L$65,"<>",$K$4:$K$65,"<>") -> 3 | AL41: {=SUM(($I$4:$I$65=AI41)*($K$4:$K$65<>"")*($L$4:$L$65<>"")*($K$4:$K$65>$L$4:$L$65),($N$4:$N$65=AI41)*($K$4:$K$65<>"")*($L$4:$L$65<>"")*($K$4:$K$65<$L$4:$L$65))} -> 2 | AM41: {=SUM(($I$4:$I$65=AI41)*($K$4:$K$65<>"")*($L$4:$L$65<>"")*($K$4:$K$65=$L$4:$L$65),($N$4:$N$65=AI41)*($K$4:$K$65<>"")*($L$4:$L$65<>"")*($K$4:$K$65=$L$4:$L$65))} -> 0 | AN41: {=SUM(($I$4:$I$65=AI41)*($L$4:$L$65<>"")*($K$4:$K$65<>"")*($K$4:$K$65<$L$4:$L$65),($K$4:$K$65<>"")*($N$4:$N$65=AI41)*($L$4:$L$65<>"")*($K$4:$K$65>$L$4:$L$65))} -> 1 | AO41: {=SUMIFS($K$4:$K$65,$I$4:$I$65,AI41,$K$4:$K$65,"<>",$L$4:$L$65,"<>")+SUMIFS($L$4:$L$65,$N$4:$N$65,AI41,$K$4:$K$65,"<>",$L$4:$L$65,"<>")} -> 4 | AP41: {=SUMIFS($K$4:$K$65,$N$4:$N$65,AI41,$K$4:$K$65,"<>",$L$4:$L$65,"<>")+SUMIFS($L$4:$L$65,$I$4:$I$65,AI41,$K$4:$K$65,"<>",$L$4:$L$65,"<>")} -> 3 | AQ41: =AO41-AP41 -> 1 | AR41: =IF(AK41=0,-($AW$11*VLOOKUP(AI41,Tabla3[[NombreEquipo]:[Rank]],3,FALSE)),AJ41*$AW$4+AQ41*$AW$5+AO41*$AW$6+BA41-($AW$11*VLOOKUP(AI41,Tabla3[[NombreEquipo]:[Rank]],3,FALSE)/100)) -> 6.6752105e+09 | AS41: =AH41 -> 1 | AU41: =IFERROR(AR41-VLOOKUP(AI41,$AB$38:$AC$41,2,0),AR41) -> 6.6752105e+09 | AY41: =AI41 -> Japón | AZ41: =COUNTIF(AJ38:AJ41,AJ41) -> 1 | BA41: =(BB41*$AW$9)+(BH41*$AW$8)+(BN41*$AW$7) -> 210500 | BB41: =RANK(BC41,BC38:BC41,1) -> 1 | BC41: =SUM(IF(AND(AJ41=AJ38,AQ41=AQ38,AO41=AO38),BD41,0),IF(AND(AJ41=AJ39,AQ41=AQ39,AO41=AO39),BE41,0),IF(AND(AJ41=AJ40,AQ41=AQ40,AO41=AO40),BF41,0)) -> 0 | BD41: {=SUMIFS($K$36:$K$41,$I$36:$I$41,$AY41,$K$36:$K$41,"<>",$L$36:$L$41,"<>",$N$36:$N$41,BD37)+SUMIFS($L$36:$L$41,$I$36:$I$41,BD37,$K$36:$K$41,"<>",$L$36:$L$41,"<>",$N$36:$N$41,$AY41)} -> 2 | BE41: {=SUMIFS($K$36:$K$41,$I$36:$I$41,$AY41,$K$36:$K$41,"<>",$L$36:$L$41,"<>",$N$36:$N$41,BE37)+SUMIFS($L$36:$L$41,$I$36:$I$41,BE37,$K$36:$K$41,"<>",$L$36:$L$41,"<>",$N$36:$N$41,$AY41)} -> 0 | BF41: {=SUMIFS($K$36:$K$41,$I$36:$I$41,$AY41,$K$36:$K$41,"<>",$L$36:$L$41,"<>",$N$36:$N$41,BF37)+SUMIFS($L$36:$L$41,$I$36:$I$41,BF37,$K$36:$K$41,"<>",$L$36:$L$41,"<>",$N$36:$N$41,$AY41)} -> 2 | BG41: 0 | BH41: =RANK(BI41,BI38:BI41,1) -> 1 | BI41: =SUM(IF(AND(AJ41=AJ38,AQ41=AQ38,AO41=AO38),BJ41,0),IF(AND(AJ41=AJ39,AQ41=AQ39,AO41=AO39),BK41,0),IF(AND(AJ41=AJ40,AQ41=AQ40,AO41=AO40),BL41,0)) -> 0 | BJ41: =BD41-BG38 -> 1 | BK41: =BE41-BG39 -> -1 | BL41: =BF41-BG40 -> 1 | BM41: 0 | BN41: =RANK(BO41,BO38:BO41,1) -> 1 | BO41: =SUM(IF(AND(AJ41=AJ38,AQ41=AQ38,AO41=AO38),BP41,0),IF(AND(AJ41=AJ39,AQ41=AQ39,AO41=AO39),BQ41,0),IF(AND(AJ41=AJ40,AQ41=AQ40,AO41=AO40),BR41,0)) -> 0 | BP41: {=SUM((I$4:I$49=AY41)*(N$4:N$49=BP37)*(K$4:K$49<>"")*(L$4:L$49<>"")*(K$4:K$49>L$4:L$49)*3,(N$4:N$49=AY41)*(I$4:I$49=BP37)*(K$4:K$49<>"")*(L$4:L$49<>"")*(K$4:K$49=L$4:L$49)*1,(N$4:N$49=AY41)*(I$4:I$49=BP37)*(K$4:K$49<>"")*(L$4:L$49<>"")*(K$4:K$49<L$4:L$49)*3,(I$4:I$49=AY41)*(N$4:N$49=BP37)*(K$4:K$49<>"")*(L$4:L$49<>"")*(K$4:K$49=L$4:L$49)*1)} -> 3 | BQ41: {=SUM((I$4:I$49=AY41)*(N$4:N$49=BQ37)*(K$4:K$49<>"")*(L$4:L$49<>"")*(K$4:K$49>L$4:L$49)*3,(N$4:N$49=AY41)*(I$4:I$49=BQ37)*(K$4:K$49<>"")*(L$4:L$49<>"")*(K$4:K$49=L$4:L$49)*1,(N$4:N$49=AY41)*(I$4:I$49=BQ37)*(K$4:K$49<>"")*(L$4:L$49<>"")*(K$4:K$49<L$4:L$49)*3,(I$4:I$49=AY41)*(N$4:N$49=BQ37)*(K$4:K$49<>"")*(L$4:L$49<>"")*(K$4:K$49=L$4:L$49)*1)} -> 0 | BR41: {=SUM((I$4:I$49=AY41)*(N$4:N$49=BR37)*(K$4:K$49<>"")*(L$4:L$49<>"")*(K$4:K$49>L$4:L$49)*3,(N$4:N$49=AY41)*(I$4:I$49=BR37)*(K$4:K$49<>"")*(L$4:L$49<>"")*(K$4:K$49=L$4:L$49)*1,(N$4:N$49=AY41)*(I$4:I$49=BR37)*(K$4:K$49<>"")*(L$4:L$49<>"")*(K$4:K$49<L$4:L$49)*3,(I$4:I$49=AY41)*(N$4:N$49=BR37)*(K$4:K$49<>"")*(L$4:L$49<>"")*(K$4:K$49=L$4:L$49)*1)} -> 3 | BS41: 0 | BT41: 4 | BU41: =RANK(BW41,$BW$38:$BW$41) -> 1 | BV41: =A40 -> Japón | BW41: =AR41 -> 6.6752105e+09 | BX41: =VLOOKUP(Q41,$AH$38:$AI$41,2,0) -> Costa Rica | BY41: =VLOOKUP($BX41,$AI$38:$AR$41,10,FALSE) -> 3.2962105e+09 | CA41: 4 | CB41: =VLOOKUP(CA41,$AH$38:$AI$41,2,0) -> Costa Rica | CC41: =VLOOKUP(CB41,$AI$38:$AR$41,2,FALSE) -> 3 | CD41: =IF(SUM($AK$38:$AK$41)=12,MIN(ABS(BY40-BY41),ABS(BY41-BY42)),100) -> 1.159e+09 | CE41: =VLOOKUP($CB41,$AI$38:$AR$41,9,FALSE) -> -8 | CF41: =VLOOKUP($CB41,$AI$38:$AR$41,7,FALSE) -> 3 | CH41: {=IF($CI$38=$CL$37,$EC$37:$EC$40,IF(OR($CI$38=$CN$37,$CI$38=$CR$37),$EG$37:$EG$38,IF($CI$38=$CP$37,$EF$37:$EF$39,$EL$37)))} -> 4 | CK41: 4 | CL41: {=IF(AND($CC$38:$CC$41=$CC$41,$CD$38:$CD$41<90,$AQ$38:$AQ$41=$AQ$41,$CF$38:$CF$41=$CF$41),1,0)} -> 0 | CM41: {=IF(AND($CC$38:$CC$40=$CC$38,$CD$38:$CD$40<90,$CD$41>90,$CC$38<>$CC$41),1,0)} -> 0 | CN41: {=IF(AND($CC$40:$CC$41=$CC$40,$CD$40:$CD$41<90,$CC$40<>$CC$39),1,0)} -> 0 | CO41: {=IF(AND($CC$41<>$CC$39,$CC$41<>$CC$38),1,0)} -> 1 | CP41: {=IF(AND($CC$39:$CC$41=$CC$39,$CD$39:$CD$41<90,$CC$38<>$CC$41),1,0)} -> 0 | CQ41: {=IF(AND($CC$41<>$CC$39,$CC$41<>$CC$38),1,0)} -> 1 | CR41: {=IF(AND($CC$40:$CC$41=$CC$40,$CD$40:$CD$41<90,$CC$40<>$CC$39),1,0)} -> 0 | CS41: {=IF(AND($CC$41<>$CC$39,$CC$41<>$CC$38),1,0)} -> 1 | CT41: {=IF(AND($CC$38:$CC$41=$CC$38,$CD$38:$CD$41<90,$CE$40:$CE$41=$CE$41,$CE$39<>$CE$41),1,0)} -> 0 | CU41: {=IF(AND($CC$38:$CC$41=$CC$38,$CD$38:$CD$41<90,$CE$38:$CE$41=$CE$38,$CF$40=$CF$41,$CF$39<>$CF$40),1,0)} -> 0 | CV41: {=IF(AND($CC$38:$CC$40=$CC$38,$CD$38:$CD$39<90,$CC$40<>$CC$41),1,0)} -> 0 | CW41: {=IF(AND($CC$39<>$CC$38,$CC$39:$CC$41=$CC$40,$CD$39>90,$CD$40:$CD$41<90),1,0)} -> 0 | CX41: {=IF(AND($CC$39<>$CC$38,$CC$39:$CC$41=$CC$39,$CD$41>90,$CD$39:$CD$40<90),1,0)} -> 0 | CY41: {=IF(AND($CC$41<>$CC$39,$CC$41<>$CC$40),1,0)} -> 1 | CZ41: {=IF(AND($CC$38:$CC$41=$CC$39,$CD$39:$CD$41<90,$CD$38<>$CD$41),1,0)} -> 0 | DA41: {=IF(AND($CC$38:$CC$41=$CC$38,$CD$38:$CD$40<90,$CD$40<>$CD$41),1,0)} -> 0 | DB41: {=IF(AND($CC$38:$CC$41=$CC$41,$CD$38:$CD$39>90,$CD$40:$CD$41<90,$CE$38:$CE$41=$CE$41,$CF$38>$CF$39,$CF$39>$CF$41,$CF$40=$CF$41),1,0)} -> 0 | DC41: {=IF(AND($CC$38:$CC$41=$CC$39,$CD$38>90,$CD$39:$CD$40<90,$CD$41>90,$CE$38:$CE$41=$CE$41,$CF$38>$CF$41,$CF$39=$CF$40,$CF$39>$CF$41),1,0)} -> 0 | DD41: {=IF(AND($CC$38:$CC$41=$CC$41,$CD$38:$CD$39<90,$CD$40:$CD$41>90,$CE$38:$CE$41=$CE$41,$CF$38=$CF$39,$CF$39>$CF$40,$CF$40>$CF$41),1,0)} -> 0 | DE41: {=IF(AND($CC$38:$CC$41=$CC$41,$CD$38:$CD$39>90,$CD$40:$CD$41<90,$CE$38:$CE$41=$CE$41,$CF$38>$CF$41,$CF$39:$CF$41=$CF$41),1,0)} -> 0 | DF41: {=IF(AND($CC$38:$CC$41=$CC$41,$CD$38:$CD$39<90,$CD$40:$CD$41>90,$CE$38:$CE$41=$CE$41,$CF$38:$CF$40=$CF$40,$CF$38:$CF$40>$CF$41),1,0)} -> 0 | DG41: {=IF(AND($CC$38:$CC$41=$CC$41,$CD$38>90,$CD$41>90,$CD$39:$CD$40<90,$CE$38:$CE$41=$CE$41,$CF$38>$CF$39:$CF$41,$CF$39:$CF$41=$CF$41),1,0)} -> 0
F43: =F27 -> Fecha | G43: =G27 -> Hora | H43: =H27 -> Jor. | I43: =I27 -> Casa | K43: Gol | L43: Gol | N43: =N27 -> Fuera | CL43: 1 | CM43: 12 | CN43: 18 | CO43: 19 | CP43: 13 | CQ43: 20 | CR43: 21 | CS43: 22 | CT43: 3 | CU43: 2 | CV43: 14 | CW43: 17 | CX43: 16 | CY43: 15 | CZ43: 4 | DA43: 5 | DB43: 10 | DC43: 8 | DD43: 6 | DE43: 11 | DF43: 7 | DG43: 9 | EC43: OP1 | ED43: OP2 | EE43: OP3 | EF43: OP4 | EG43: OP5 | EH43: OP6 | EI43: OP7 | EJ43: OP8 | EK43: OP9 | EL43: OP10
A44: NombreEquipo | B44: F | C44: =COUNTIF(Equipos!$C$2:$C$33,MUNDIAL!B44) -> 4 | E44: F | F44: =Horarios!C44 -> 44888.542 | G44: =Horarios!C44 -> 44888.542 | H44: J1 | I44: =A47 -> Marruecos | J44: =VLOOKUP(I44,Equipos!$H$2:$I$33,2,0) -> 🇲🇦 | K44: 0 | L44: 0 | M44: =VLOOKUP(N44,Equipos!$H$2:$I$33,2,0) -> 🇭🇷 | N44: =A48 -> Croacia | O44: =IF(NOT(OR(ISBLANK(K44),ISBLANK(L44))),1,0) -> 1 | Q44: =CONCATENATE("Grupo"," ",B44) -> Grupo F | AB44: ¡EMPATE! Puedes seleccionar el orden de los empatados. | AH44: =CONCATENATE("Auxiliar - ",Q44) -> Auxiliar - Grupo F | AU44: NR | AY44: =CONCATENATE(Q44," - GOLAVERAGE") -> Grupo F - GOLAVERAGE | BB44: Goles - Partidos Cruzados | BH44: Diferencia de Goles - Partidos Cruzados | BN44: Puntos - Partidos Cruzados | CI44: Valor | CK44: Sum | CL44: =SUM(CL46:CL49) -> 0 | CM44: =SUM(CM46:CM49) -> 0 | CN44: =SUM(CN46:CN49) -> 0 | CO44: =SUM(CO46:CO49) -> 2 | CP44: =SUM(CP46:CP49) -> 0 | CQ44: =SUM(CQ46:CQ49) -> 2 | CR44: =SUM(CR46:CR49) -> 2 | CS44: =SUM(CS46:CS49) -> 4 | ... DG44: =SUM(DG46:DG49) -> 0 | EC44: 1234 | ED44: 123 | EE44: 12 | EF44: 234 | EG44: 34 | EH44: 23 | EI44: 1 | EJ44: 2 | EK44: 3 | EL44: 4
A45: {=IF(ROWS(A$45:A45)<=$C$44,INDEX(INDIRECT(A$44),SMALL(IF(Nivell=$B$44,ROW(Nivell)-ROW(Equipos!$C$2)+1),ROWS(B$44:B44))),"")} -> Bélgica | F45: =Horarios!C45 -> 44888.917 | G45: =Horarios!C45 -> 44888.917 | H45: J1 | I45: =A45 -> Bélgica | J45: =VLOOKUP(I45,Equipos!$H$2:$I$33,2,0) -> 🇧🇪 | K45: 1 | L45: 0 | M45: =VLOOKUP(N45,Equipos!$H$2:$I$33,2,0) -> 🇨🇦 | N45: =A46 -> Canadá | O45: =IF(NOT(OR(ISBLANK(K45),ISBLANK(L45))),1,0) -> 1 | Q45: Pos | R45: Selección | S45: Pts | T45: J | U45: G | V45: E | W45: P | X45: GF | Y45: GC | Z45: DG | AA45: =COUNTIF(AA46:AA49,"<100") -> 0 | AG45: NR | AH45: Puesto | AI45: Equipo | AJ45: Ptos | AK45: J | AL45: G | AM45: E | AN45: P | AO45: GF | AP45: GC | AQ45: Dif | AR45: Rank | AS45: Puesto | AY45: Equipo | AZ45: NEquipEqual | BA45: PUNTOS | BB45: Ranking Inv | BC45: Entre Iguales | BD45: =AY46 -> Bélgica | BE45: =AY47 -> Canadá | BF45: =AY48 -> Marruecos | BG45: =AY49 -> Croacia | BH45: Ranking Inv | BI45: Entre Iguales | BJ45: =BD45 -> Bélgica | BK45: =BE45 -> Canadá | BL45: =BF45 -> Marruecos | BM45: =BG45 -> Croacia | BN45: Ranking Inv | BO45: Entre Iguales | BP45: =BD45 -> Bélgica | BQ45: =BE45 -> Canadá | BR45: =BF45 -> Marruecos | BS45: =BG45 -> Croacia | BV45: Inicio | BX45: 1R | CB45: Equipo | CC45: Ptos | CD45: Signo | CE45: Dif | CF45: Gf | CK45: Com | CL45: COM_1 | CM45: COM_2 | CN45: COM_3 | CO45: COM_4 | CP45: COM_5 | CQ45: COM_6 | CR45: COM_7 | CS45: COM_8 | CT45: COM_3 | CU45: COM_3 | CV45: COM_4 | CW45: COM_7 | CX45: COM_6 | CY45: COM_6 | CZ45: COM_5 | DA45: COM_2 | DB45: COM_7 | DC45: COM_6 | DD45: COM_4 | DE45: COM_7 | DF45: COM_4 | DG45: COM_6 | EC45: 1 | ED45: 1 | EE45: 1 | EF45: 2 | EG45: 3 | EH45: 2 | EI45: 1 | EJ45: 2 | EK45: 3 | EL45: 4
A46: {=IF(ROWS(A$45:A46)<=$C$44,INDEX(INDIRECT(A$44),SMALL(IF(Nivell=$B$44,ROW(Nivell)-ROW(Equipos!$C$2)+1),ROWS(B$44:B45))),"")} -> Canadá | F46: =Horarios!C46 -> 44892.667 | G46: =Horarios!C46 -> 44892.667 | H46: J2 | I46: =A45 -> Bélgica | J46: =VLOOKUP(I46,Equipos!$H$2:$I$33,2,0) -> 🇧🇪 | K46: 0 | L46: 2 | M46: =VLOOKUP(N46,Equipos!$H$2:$I$33,2,0) -> 🇲🇦 | N46: =A47 -> Marruecos | O46: =IF(NOT(OR(ISBLANK(K46),ISBLANK(L46))),1,0) -> 1 | Q46: 1 | R46: =VLOOKUP(Q46,$AG$46:$AI$49,3,0) -> Marruecos | S46: =VLOOKUP(R46,$AI$46:$AR$49,2,FALSE) -> 7 | T46: =VLOOKUP($R46,$AI$46:$AR$49,3,FALSE) -> 3 | U46: =VLOOKUP($R46,$AI$46:$AR$49,4,FALSE) -> 2 | V46: =VLOOKUP($R46,$AI$46:$AR$49,5,FALSE) -> 1 | W46: =VLOOKUP($R46,$AI$46:$AR$49,6,FALSE) -> 0 | X46: =VLOOKUP($R46,$AI$46:$AR$49,7,FALSE) -> 4 | Y46: =VLOOKUP($R46,$AI$46:$AR$49,8,FALSE) -> 1 | Z46: =VLOOKUP($R46,$AI$46:$AR$49,9,FALSE) -> 3 | AA46: =IF(SUM($AK$46:$AK$49)=12,MIN(ABS(BY45-BY46),ABS(BY46-BY47)),100) -> 2.222e+09 | AB46: =IF(AND(AA46>=0,AA46<90),VLOOKUP(Q46,$BU$46:$BV$49,2,0),"") | AF46: =VLOOKUP($R46,$AI$46:$AR$49,10,FALSE) -> 7.7962105e+09 | AG46: =RANK(AU46,$AU$46:$AU$49) -> 3 | AH46: =RANK(AR46,$AR$46:$AR$49) -> 3 | AI46: =A45 -> Bélgica | AJ46: =AL46*3+AM46*1+AN46*0 -> 4 | AK46: =COUNTIFS($I$4:$I$65,AI46,$K$4:$K$65,"<>",$L$4:$L$65,"<>")+COUNTIFS($N$4:$N$65,AI46,$L$4:$L$65,"<>",$K$4:$K$65,"<>") -> 3 | AL46: {=SUM(($I$4:$I$65=AI46)*($K$4:$K$65<>"")*($L$4:$L$65<>"")*($K$4:$K$65>$L$4:$L$65),($N$4:$N$65=AI46)*($K$4:$K$65<>"")*($L$4:$L$65<>"")*($K$4:$K$65<$L$4:$L$65))} -> 1 | AM46: {=SUM(($I$4:$I$65=AI46)*($K$4:$K$65<>"")*($L$4:$L$65<>"")*($K$4:$K$65=$L$4:$L$65),($N$4:$N$65=AI46)*($K$4:$K$65<>"")*($L$4:$L$65<>"")*($K$4:$K$65=$L$4:$L$65))} -> 1 | AN46: {=SUM(($I$4:$I$65=AI46)*($L$4:$L$65<>"")*($K$4:$K$65<>"")*($K$4:$K$65<$L$4:$L$65),($K$4:$K$65<>"")*($N$4:$N$65=AI46)*($L$4:$L$65<>"")*($K$4:$K$65>$L$4:$L$65))} -> 1 | AO46: {=SUMIFS($K$4:$K$65,$I$4:$I$65,AI46,$K$4:$K$65,"<>",$L$4:$L$65,"<>")+SUMIFS($L$4:$L$65,$N$4:$N$65,AI46,$K$4:$K$65,"<>",$L$4:$L$65,"<>")} -> 1 | AP46: {=SUMIFS($K$4:$K$65,$N$4:$N$65,AI46,$K$4:$K$65,"<>",$L$4:$L$65,"<>")+SUMIFS($L$4:$L$65,$I$4:$I$65,AI46,$K$4:$K$65,"<>",$L$4:$L$65,"<>")} -> 2 | AQ46: =AO46-AP46 -> -1 | AR46: =IF(AK46=0,-($AW$11*VLOOKUP(AI46,Tabla3[[NombreEquipo]:[Rank]],3,FALSE)),AJ46*$AW$4+AQ46*$AW$5+AO46*$AW$6+BA46-($AW$11*VLOOKUP(AI46,Tabla3[[NombreEquipo]:[Rank]],3,FALSE)/100)) -> 4.4402105e+09 | AS46: =AH46 -> 3 | AU46: =IFERROR(AR46-VLOOKUP(AI46,$AB$46:$AC$49,2,0),AR46) -> 4.4402105e+09 | AY46: =AI46 -> Bélgica | AZ46: =COUNTIF(AJ46:AJ49,AJ46) -> 1 | BA46: =(BB46*$AW$9)+(BH46*$AW$8)+(BN46*$AW$7) -> 210500 | BB46: =RANK(BC46,BC46:BC49,1) -> 1 | BC46: =SUM(IF(AND(AJ46=AJ47,AQ46=AQ47,AO46=AO47),BE46,0),IF(AND(AJ46=AJ48,AQ46=AQ48,AO46=AO48),BF46,0),IF(AND(AJ46=AJ49,AQ46=AQ49,AO46=AO49),BG46,0)) -> 0 | BD46: 0 | BE46: {=SUMIFS($K$44:$K$49,$I$44:$I$49,$AY46,$K$44:$K$49,"<>",$L$44:$L$49,"<>",$N$44:$N$49,BE45)+SUMIFS($L$44:$L$49,$I$44:$I$49,BE45,$K$44:$K$49,"<>",$L$44:$L$49,"<>",$N$44:$N$49,$AY46)} -> 1 | BF46: {=SUMIFS($K$44:$K$49,$I$44:$I$49,$AY46,$K$44:$K$49,"<>",$L$44:$L$49,"<>",$N$44:$N$49,BF45)+SUMIFS($L$44:$L$49,$I$44:$I$49,BF45,$K$44:$K$49,"<>",$L$44:$L$49,"<>",$N$44:$N$49,$AY46)} -> 0 | BG46: {=SUMIFS($K$44:$K$49,$I$44:$I$49,$AY46,$K$44:$K$49,"<>",$L$44:$L$49,"<>",$N$44:$N$49,BG45)+SUMIFS($L$44:$L$49,$I$44:$I$49,BG45,$K$44:$K$49,"<>",$L$44:$L$49,"<>",$N$44:$N$49,$AY46)} -> 0 | BH46: =RANK(BI46,BI46:BI49,1) -> 1 | BI46: =SUM(IF(AND(AJ46=AJ47,AQ46=AQ47,AO46=AO47),BK46,0),IF(AND(AJ46=AJ48,AQ46=AQ48,AO46=AO48),BL46,0),IF(AND(AJ46=AJ49,AQ46=AQ49,AO46=AO49),BM46,0)) -> 0 | BJ46: 0 | BK46: =BE46-BD47 -> 1 | BL46: =BF46-BD48 -> -2 | BM46: =BG46-BD49 -> 0 | BN46: =RANK(BO46,BO46:BO49,1) -> 1 | BO46: =SUM(IF(AND(AJ46=AJ47,AQ46=AQ47,AO46=AO47),BQ46,0),IF(AND(AJ46=AJ48,AQ46=AQ48,AO46=AO48),BR46,0),IF(AND(AJ46=AJ49,AQ46=AQ49,AO46=AO49),BS46,0)) -> 0 | BP46: 0 | BQ46: {=SUM((I$4:I$49=AY46)*(N$4:N$49=BQ45)*(K$4:K$49<>"")*(L$4:L$49<>"")*(K$4:K$49>L$4:L$49)*3,(N$4:N$49=AY46)*(I$4:I$49=BQ45)*(K$4:K$49<>"")*(L$4:L$49<>"")*(K$4:K$49=L$4:L$49)*1,(N$4:N$49=AY46)*(I$4:I$49=BQ45)*(K$4:K$49<>"")*(L$4:L$49<>"")*(K$4:K$49<L$4:L$49)*3,(I$4:I$49=AY46)*(N$4:N$49=BQ45)*(K$4:K$49<>"")*(L$4:L$49<>"")*(K$4:K$49=L$4:L$49)*1)} -> 3 | BR46: {=SUM((I$4:I$49=AY46)*(N$4:N$49=BR45)*(K$4:K$49<>"")*(L$4:L$49<>"")*(K$4:K$49>L$4:L$49)*3,(N$4:N$49=AY46)*(I$4:I$49=BR45)*(K$4:K$49<>"")*(L$4:L$49<>"")*(K$4:K$49=L$4:L$49)*1,(N$4:N$49=AY46)*(I$4:I$49=BR45)*(K$4:K$49<>"")*(L$4:L$49<>"")*(K$4:K$49<L$4:L$49)*3,(I$4:I$49=AY46)*(N$4:N$49=BR45)*(K$4:K$49<>"")*(L$4:L$49<>"")*(K$4:K$49=L$4:L$49)*1)} -> 0 | BS46: {=SUM((I$4:I$49=AY46)*(N$4:N$49=BS45)*(K$4:K$49<>"")*(L$4:L$49<>"")*(K$4:K$49>L$4:L$49)*3,(N$4:N$49=AY46)*(I$4:I$49=BS45)*(K$4:K$49<>"")*(L$4:L$49<>"")*(K$4:K$49=L$4:L$49)*1,(N$4:N$49=AY46)*(I$4:I$49=BS45)*(K$4:K$49<>"")*(L$4:L$49<>"")*(K$4:K$49<L$4:L$49)*3,(I$4:I$49=AY46)*(N$4:N$49=BS45)*(K$4:K$49<>"")*(L$4:L$49<>"")*(K$4:K$49=L$4:L$49)*1)} -> 1 | BT46: 1 | BU46: =RANK(BW46,$BW$46:$BW$49) -> 3 | BV46: =A45 -> Bélgica | BW46: =AR46 -> 4.4402105e+09 | BX46: =VLOOKUP(Q46,$AH$46:$AI$49,2,0) -> Marruecos | BY46: =VLOOKUP($BX46,$AI$46:$AR$49,10,FALSE) -> 7.7962105e+09 | CA46: 1 | CB46: =VLOOKUP(CA46,$AH$46:$AI$49,2,0) -> Marruecos | CC46: =VLOOKUP(CB46,$AI$46:$AR$49,2,FALSE) -> 7 | CD46: =IF(SUM($AK$46:$AK$49)=12,MIN(ABS(BY45-BY46),ABS(BY46-BY47)),100) -> 2.222e+09 | CE46: =VLOOKUP($CB46,$AI$46:$AR$49,9,FALSE) -> 3 | CF46: =VLOOKUP($CB46,$AI$46:$AR$49,7,FALSE) -> 4 | CH46: {=IF($CI$46=$CL$45,$EC$45:$EC$48,IF($CI$46=$CM$45,$ED$45:$ED$47,IF(OR($CI$46=$CN$45,$CI$46=$CO$45),$EE$45:$EE$46,$EI$45)))} -> 1 | CI46: =IFERROR(HLOOKUP(4,CL44:DI45,2,0),CS45) -> COM_8 | CK46: 1 | CL46: {=IF(AND($CC$46:$CC$49=$CC$46,$CD$46:$CD$49<90,$AQ$46:$AQ$49=$AQ$46,$CF$46:$CF$49=$CF$46),1,0)} -> 0 | CM46: {=IF(AND($CC$46:$CC$48=$CC$46,$CD$46:$CD$48<90,$CC$46<>$CC$49),1,0)} -> 0 | CN46: {=IF(AND($CC$46:$CC$47=$CC$46,$CD$46:$CD$47<90,$CC$46<>$CC$48),1,0)} -> 0 | CO46: {=IF(AND($CC$46:$CC$47=$CC$46,$CD$46:$CD$47<90,$CC$46<>$CC$48),1,0)} -> 0 | CP46: {=IF(AND($CC$47:$CC$49=$CC$47,$CD$47:$CD$49<90,$CC$46<>$CC$47),1,0)} -> 0 | CQ46: {=IF(AND($CC$46<>$CC$47,$CC$46<>$CC$49),1,0)} -> 1 | CR46: {=IF(AND($CC$46<>$CC$47,$CC$46<>$CC$49),1,0)} -> 1 | CS46: {=IF(AND($CC$46<>$CC$47,$CC$46<>$CC$49),1,0)} -> 1 | CT46: =IF(AND($CC$46:$CC$49=$CC$46,$CD$46:$CD$49<90,$CE$46:$CE$47=$CE$46,$CE$46<>$CE$48),1,0) -> 0 | CU46: {=IF(AND($CC$46:$CC$49=$CC$46,$CD$46:$CD$49<90,$CE$46:$CE$49=$CE$46,$CF$46=$CF$47,$CF$46<>$CF$48),1,0)} -> 0 | CV46: {=IF(AND($CC$46:$CC$48=$CC$46,$CD$46:$CD$47<90,$CD$48>90),1,0)} -> 0 | CW46: {=IF(AND($CC$46<>$CC$47,$CC$46<>$CC$48),1,0)} -> 1 | CX46: {=IF(AND($CC$46<>$CC$47,$CC$46<>$CC$48),1,0)} -> 1 | CY46: {=IF(AND($CC$46<>$CC$49,$CC$46:$CC$48=$CC$46,$CD$46>90,$CD$47:$CD$48<90),1,0)} -> 0 | CZ46: {=IF(AND($CC$46:$CC$49=$CC$46,$CD$47:$CD$49<90,$CD$46<>$CD$47),1,0)} -> 0 | DA46: {=IF(AND($CC$46:$CC$49=$CC$46,$CD$46:$CD$48<90,$CD$46<>$CD$49),1,0)} -> 0 | DB46: {=IF(AND($CC$46:$CC$49=$CC$46,$CD$46:$CD$47>90,$CD$48:$CD$49<90,$CE$46:$CE$49=$CE$46,$CF$46>$CF$47,$CF$46>$CF$48,$CF$46>$CF$49),1,0)} -> 0 | DC46: {=IF(AND($CC$46:$CC$49=$CC$46,$CD$46>90,$CD$47:$CD$48<90,$CD$49>90,$CE$46:$CE$49=$CE$46,$CF$46>$CF$47,$CF$46>$CF$48,$CF$46>$CF$49),1,0)} -> 0 | DD46: {=IF(AND($CC$46:$CC$49=$CC$46,$CD$46:$CD$47<90,$CD$48:$CD$49>90,$CE$46:$CE$49=$CE$46,$CF$46=$CF$47,$CF$46>$CF$48,$CF$46>$CF$49),1,0)} -> 0 | DE46: {=IF(AND($CC$46:$CC$49=$CC$46,$CD$46:$CD$47>90,$CD$48:$CD$49<90,$CE$46:$CE$49=$CE$46,$CF$46>$CF$47,$CF$47:$CF$49=$CF$47),1,0)} -> 0 | DF46: {=IF(AND($CC$46:$CC$49=$CC$46,$CD$46:$CD$47<90,$CD$48:$CD$49>90,$CE$46:$CE$49=$CE$46,$CF$46:$CF$48=$CF$46,$CF$46>$CF$49),1,0)} -> 0 | DG46: {=IF(AND($CC$46:$CC$49=$CC$46,$CD$46>90,$CD$49>90,$CD$47:$CD$48<90,$CE$46:$CE$49=$CE$46,$CF$46>$CF$47:$CF$49),1,0)} -> 0 | EC46: 2 | ED46: 2 | EE46: 2 | EF46: 3 | EG46: 4 | EH46: 3
A47: {=IF(ROWS(A$45:A47)<=$C$44,INDEX(INDIRECT(A$44),SMALL(IF(Nivell=$B$44,ROW(Nivell)-ROW(Equipos!$C$2)+1),ROWS(B$44:B46))),"")} -> Marruecos | F47: =Horarios!C47 -> 44892.792 | G47: =Horarios!C47 -> 44892.792 | H47: J2 | I47: =A48 -> Croacia | J47: =VLOOKUP(I47,Equipos!$H$2:$I$33,2,0) -> 🇭🇷 | K47: 4 | L47: 1 | M47: =VLOOKUP(N47,Equipos!$H$2:$I$33,2,0) -> 🇨🇦 | N47: =A46 -> Canadá | O47: =IF(NOT(OR(ISBLANK(K47),ISBLANK(L47))),1,0) -> 1 | Q47: 2 | R47: =VLOOKUP(Q47,$AG$46:$AI$49,3,0) -> Croacia | S47: =VLOOKUP(R47,$AI$46:$AR$49,2,FALSE) -> 5 | T47: =VLOOKUP($R47,$AI$46:$AR$49,3,FALSE) -> 3 | U47: =VLOOKUP($R47,$AI$46:$AR$49,4,FALSE) -> 1 | V47: =VLOOKUP($R47,$AI$46:$AR$49,5,FALSE) -> 2 | W47: =VLOOKUP($R47,$AI$46:$AR$49,6,FALSE) -> 0 | X47: =VLOOKUP($R47,$AI$46:$AR$49,7,FALSE) -> 4 | Y47: =VLOOKUP($R47,$AI$46:$AR$49,8,FALSE) -> 1 | Z47: =VLOOKUP($R47,$AI$46:$AR$49,9,FALSE) -> 3 | AA47: =IF(SUM($AK$46:$AK$49)=12,MIN(ABS(BY46-BY47),ABS(BY47-BY48)),100) -> 1.134e+09 | AB47: =IF(AND(AA47>=0,AA47<90),VLOOKUP(Q47,$BU$46:$BV$49,2,0),"") | AF47: =VLOOKUP($R47,$AI$46:$AR$49,10,FALSE) -> 5.5742105e+09 | AG47: =RANK(AU47,$AU$46:$AU$49) -> 4 | AH47: =RANK(AR47,$AR$46:$AR$49) -> 4 | AI47: =A46 -> Canadá | AJ47: =AL47*3+AM47*1+AN47*0 -> 0 | AK47: =COUNTIFS($I$4:$I$65,AI47,$K$4:$K$65,"<>",$L$4:$L$65,"<>")+COUNTIFS($N$4:$N$65,AI47,$L$4:$L$65,"<>",$K$4:$K$65,"<>") -> 3 | AL47: {=SUM(($I$4:$I$65=AI47)*($K$4:$K$65<>"")*($L$4:$L$65<>"")*($K$4:$K$65>$L$4:$L$65),($N$4:$N$65=AI47)*($K$4:$K$65<>"")*($L$4:$L$65<>"")*($K$4:$K$65<$L$4:$L$65))} -> 0 | AM47: {=SUM(($I$4:$I$65=AI47)*($K$4:$K$65<>"")*($L$4:$L$65<>"")*($K$4:$K$65=$L$4:$L$65),($N$4:$N$65=AI47)*($K$4:$K$65<>"")*($L$4:$L$65<>"")*($K$4:$K$65=$L$4:$L$65))} -> 0 | AN47: {=SUM(($I$4:$I$65=AI47)*($L$4:$L$65<>"")*($K$4:$K$65<>"")*($K$4:$K$65<$L$4:$L$65),($K$4:$K$65<>"")*($N$4:$N$65=AI47)*($L$4:$L$65<>"")*($K$4:$K$65>$L$4:$L$65))} -> 3 | AO47: {=SUMIFS($K$4:$K$65,$I$4:$I$65,AI47,$K$4:$K$65,"<>",$L$4:$L$65,"<>")+SUMIFS($L$4:$L$65,$N$4:$N$65,AI47,$K$4:$K$65,"<>",$L$4:$L$65,"<>")} -> 2 | AP47: {=SUMIFS($K$4:$K$65,$N$4:$N$65,AI47,$K$4:$K$65,"<>",$L$4:$L$65,"<>")+SUMIFS($L$4:$L$65,$I$4:$I$65,AI47,$K$4:$K$65,"<>",$L$4:$L$65,"<>")} -> 7 | AQ47: =AO47-AP47 -> -5 | AR47: =IF(AK47=0,-($AW$11*VLOOKUP(AI47,Tabla3[[NombreEquipo]:[Rank]],3,FALSE)),AJ47*$AW$4+AQ47*$AW$5+AO47*$AW$6+BA47-($AW$11*VLOOKUP(AI47,Tabla3[[NombreEquipo]:[Rank]],3,FALSE)/100)) -> -22789500 | AS47: =AH47 -> 4 | AU47: =IFERROR(AR47-VLOOKUP(AI47,$AB$46:$AC$49,2,0),AR47) -> -22789500 | AY47: =AI47 -> Canadá | AZ47: =COUNTIF(AJ46:AJ49,AJ47) -> 1 | BA47: =(BB47*$AW$9)+(BH47*$AW$8)+(BN47*$AW$7) -> 210500 | BB47: =RANK(BC47,BC46:BC49,1) -> 1 | BC47: =SUM(IF(AND(AJ47=AJ48,AQ47=AQ48,AO47=AO48),BF47,0),IF(AND(AJ47=AJ49,AQ47=AQ49,AO47=AO49),BG47,0),IF(AND(AJ47=AJ46,AQ47=AQ46,AO47=AO46),BD47,0)) -> 0 | BD47: {=SUMIFS($K$44:$K$49,$I$44:$I$49,$AY47,$K$44:$K$49,"<>",$L$44:$L$49,"<>",$N$44:$N$49,BD45)+SUMIFS($L$44:$L$49,$I$44:$I$49,BD45,$K$44:$K$49,"<>",$L$44:$L$49,"<>",$N$44:$N$49,$AY47)} -> 0 | BE47: 0 | BF47: {=SUMIFS($K$44:$K$49,$I$44:$I$49,$AY47,$K$44:$K$49,"<>",$L$44:$L$49,"<>",$N$44:$N$49,BF45)+SUMIFS($L$44:$L$49,$I$44:$I$49,BF45,$K$44:$K$49,"<>",$L$44:$L$49,"<>",$N$44:$N$49,$AY47)} -> 1 | BG47: {=SUMIFS($K$44:$K$49,$I$44:$I$49,$AY47,$K$44:$K$49,"<>",$L$44:$L$49,"<>",$N$44:$N$49,BG45)+SUMIFS($L$44:$L$49,$I$44:$I$49,BG45,$K$44:$K$49,"<>",$L$44:$L$49,"<>",$N$44:$N$49,$AY47)} -> 1 | BH47: =RANK(BI47,BI46:BI49,1) -> 1 | BI47: =SUM(IF(AND(AJ47=AJ48,AQ47=AQ48,AO47=AO48),BL47,0),IF(AND(AJ47=AJ49,AQ47=AQ49,AO47=AO49),BM47,0),IF(AND(AJ47=AJ46,AQ47=AQ46,AO47=AO46),BJ47,0)) -> 0 | BJ47: =BD47-BE46 -> -1 | BK47: 0 | BL47: =BF47-BE48 -> -1 | BM47: =BG47-BE49 -> -3 | BN47: =RANK(BO47,BO46:BO49,1) -> 1 | BO47: =SUM(IF(AND(AJ47=AJ48,AQ47=AQ48,AO47=AO48),BR47,0),IF(AND(AJ47=AJ49,AQ47=AQ49,AO47=AO49),BS47,0),IF(AND(AJ47=AJ46,AQ47=AQ46,AO47=AO46),BP47,0)) -> 0 | BP47: {=SUM((I$4:I$49=AY47)*(N$4:N$49=BP45)*(K$4:K$49<>"")*(L$4:L$49<>"")*(K$4:K$49>L$4:L$49)*3,(N$4:N$49=AY47)*(I$4:I$49=BP45)*(K$4:K$49<>"")*(L$4:L$49<>"")*(K$4:K$49=L$4:L$49)*1,(N$4:N$49=AY47)*(I$4:I$49=BP45)*(K$4:K$49<>"")*(L$4:L$49<>"")*(K$4:K$49<L$4:L$49)*3,(I$4:I$49=AY47)*(N$4:N$49=BP45)*(K$4:K$49<>"")*(L$4:L$49<>"")*(K$4:K$49=L$4:L$49)*1)} -> 0 | BQ47: 0 | BR47: {=SUM((I$4:I$49=AY47)*(N$4:N$49=BR45)*(K$4:K$49<>"")*(L$4:L$49<>"")*(K$4:K$49>L$4:L$49)*3,(N$4:N$49=AY47)*(I$4:I$49=BR45)*(K$4:K$49<>"")*(L$4:L$49<>"")*(K$4:K$49=L$4:L$49)*1,(N$4:N$49=AY47)*(I$4:I$49=BR45)*(K$4:K$49<>"")*(L$4:L$49<>"")*(K$4:K$49<L$4:L$49)*3,(I$4:I$49=AY47)*(N$4:N$49=BR45)*(K$4:K$49<>"")*(L$4:L$49<>"")*(K$4:K$49=L$4:L$49)*1)} -> 0 | BS47: {=SUM((I$4:I$49=AY47)*(N$4:N$49=BS45)*(K$4:K$49<>"")*(L$4:L$49<>"")*(K$4:K$49>L$4:L$49)*3,(N$4:N$49=AY47)*(I$4:I$49=BS45)*(K$4:K$49<>"")*(L$4:L$49<>"")*(K$4:K$49=L$4:L$49)*1,(N$4:N$49=AY47)*(I$4:I$49=BS45)*(K$4:K$49<>"")*(L$4:L$49<>"")*(K$4:K$49<L$4:L$49)*3,(I$4:I$49=AY47)*(N$4:N$49=BS45)*(K$4:K$49<>"")*(L$4:L$49<>"")*(K$4:K$49=L$4:L$49)*1)} -> 0 | BT47: 2 | BU47: =RANK(BW47,$BW$46:$BW$49) -> 4 | BV47: =A46 -> Canadá | BW47: =AR47 -> -22789500 | BX47: =VLOOKUP(Q47,$AH$46:$AI$49,2,0) -> Croacia | BY47: =VLOOKUP($BX47,$AI$46:$AR$49,10,FALSE) -> 5.5742105e+09 | CA47: 2 | CB47: =VLOOKUP(CA47,$AH$46:$AI$49,2,0) -> Croacia | CC47: =VLOOKUP(CB47,$AI$46:$AR$49,2,FALSE) -> 5 | CD47: =IF(SUM($AK$46:$AK$49)=12,MIN(ABS(BY46-BY47),ABS(BY47-BY48)),100) -> 1.134e+09 | CE47: =VLOOKUP($CB47,$AI$46:$AR$49,9,FALSE) -> 3 | CF47: =VLOOKUP($CB47,$AI$46:$AR$49,7,FALSE) -> 4 | CH47: {=IF($CI$46=$CL$45,$EC$45:$EC$48,IF($CI$46=$CM$45,$ED$45:$ED$47,IF(OR($CI$46=$CN$45,$CI$46=$CO$45),$EE$45:$EE$46,IF($CI$46=$CP$45,$EF$45:$EF$47,(IF($CI$46=$CQ$45,$EH$45:$EH$46,$EJ$45))))))} -> 2 | CK47: 2 | CL47: {=IF(AND($CC$46:$CC$49=$CC$47,$CD$46:$CD$49<90,$AQ$46:$AQ$49=$AQ$47,$CF$46:$CF$49=$CF$47),1,0)} -> 0 | CM47: {=IF(AND($CC$46:$CC$48=$CC$47,$CD$46:$CD$48<90,$CC$47<>$CC$49),1,0)} -> 0 | CN47: {=IF(AND($CC$46:$CC$47=$CC$46,$CD$46:$CD$47<90,$CC$46<>$CC$48),1,0)} -> 0 | CO47: {=IF(AND($CC$46:$CC$47=$CC$46,$CD$46:$CD$47<90,$CC$46<>$CC$48),1,0)} -> 0 | CP47: {=IF(AND($CC$47:$CC$49=$CC$47,$CD$47:$CD$49<90,$CC$46<>$CC$47),1,0)} -> 0 | CQ47: {=IF(AND($CC$47:$CC$48=$CC$47,$CD$47:$CD$48<90,$CC$47<>$CC$46,$CC$47<>$CC$49),1,0)} -> 0 | CR47: {=IF(AND($CC$47<>$CC$46,$CC$47<>$CC$48),1,0)} -> 1 | CS47: {=IF(AND($CC$47<>$CC$46,$CC$47<>$CC$48),1,0)} -> 1 | CT47: {=IF(AND($CC$46:$CC$49=$CC$46,$CD$46:$CD$49<90,$CE$46:$CE$47=$CE$46,$CE$47<>$CE$48),1,0)} -> 0 | CU47: {=IF(AND($CC$46:$CC$49=$CC$46,$CD$46:$CD$49<90,$CE$46:$CE$49=$CE$46,$CF$46=$CF$47,$CF$47<>$CF$48),1,0)} -> 0 | CV47: {=IF(AND($CC$46:$CC$48=$CC$47,$CD$46:$CD$47<90,$CD$48>90),1,0)} -> 0 | CW47: {=IF(AND($CC$47<>$CC$46,$CC$47:$CC$49=$CC$47,$CD$47>90,$CD$48:$CD$49<90),1,0)} -> 0 | CX47: {=IF(AND($CC$47<>$CC$46,$CC$47:$CC$49=$CC$47,$CD$49>90,$CD$47:$CD$48<90),1,0)} -> 0 | CY47: {=IF(AND($CC$47<>$CC$49,$CC$46:$CC$48=$CC$47,$CD$46>90,$CD$47:$CD$48<90),1,0)} -> 0 | CZ47: {=IF(AND($CC$46:$CC$49=$CC$47,$CD$47:$CD$49<90,$CD$46<>$CD$47),1,0)} -> 0 | DA47: {=IF(AND($CC$46:$CC$49=$CC$47,$CD$46:$CD$48<90,$CD$47<>$CD$49),1,0)} -> 0 | DB47: {=IF(AND($CC$46:$CC$49=$CC$47,$CD$46:$CD$47>90,$CD$48:$CD$49<90,$CE$46:$CE$49=$CE$47,$CF$46>$CF$47,$CF$47>$CF$48,$CF$47>$CF$49),1,0)} -> 0 | DC47: {=IF(AND($CC$46:$CC$49=$CC$47,$CD$46>90,$CD$47:$CD$48<90,$CD$49>90,$CE$46:$CE$49=$CE$47,$CF$46>$CF$47,$CF$47=$CF$48,$CF$47>$CF$49),1,0)} -> 0 | DD47: {=IF(AND($CC$46:$CC$49=$CC$47,$CD$46:$CD$47<90,$CD$48:$CD$49>90,$CE$46:$CE$49=$CE$47,$CF$46=$CF$47,$CF$47>$CF$48,$CF$47>$CF$49),1,0)} -> 0 | DE47: {=IF(AND($CC$46:$CC$49=$CC$47,$CD$46:$CD$47>90,$CD$48:$CD$49<90,$CE$46:$CE$49=$CE$47,$CF$46>$CF$47,$CF$47:$CF$49=$CF$47),1,0)} -> 0 | DF47: {=IF(AND($CC$46:$CC$49=$CC$47,$CD$46:$CD$47<90,$CD$48:$CD$49>90,$CE$46:$CE$49=$CE$47,$CF$46:$CF$48=$CF$47,$CF$47>$CF$49),1,0)} -> 0 | DG47: {=IF(AND($CC$46:$CC$49=$CC$47,$CD$46>90,$CD$49>90,$CD$47:$CD$48<90,$CE$46:$CE$49=$CE$47,$CF$46>$CF$47:$CF$49,$CF$47:$CF$49=$CF$47),1,0)} -> 0 | EC47: 3 | ED47: 3 | EF47: 4
